,group,indval,pvalue,freq,,,group,indval,pvalue,freq
Eukaryota.Chromista.Ochrophyta.Chrysophyceae.Chromulinales.Chromulinaceae.Spumella.Spumella_sp_LG.2014b.,1,1,2.00E-04,8,,Eukaryota.Animalia.Arthropoda.Insecta.Lepidoptera.Crambidae.Haimbachia.Haimbachia_arizonensis.,2,0.909090909,9.00E-04,10
Eukaryota.Fungi.Ascomycota.Leotiomycetes.NA.Punctoribatidae.Punctoribates.Punctoribates_palustris.,1,1,1.00E-04,8,,Eukaryota.Animalia.Arthropoda.Insecta.Lepidoptera.Noctuidae.Euxoa.Euxoa_oncocnemoides.,2,0.909090909,7.00E-04,10
NA.NA.NA.NA.NA.Liposcelididae.Liposcelis..,1,1,1.00E-04,8,,Eukaryota.Chromista.Ochrophyta.Chrysophyceae.NA..NA...11.x,2,0.909090909,7.00E-04,10
Prokaryota.Bacteria.Bacteroidetes.Chitinophagia.Chitinophagales.Chitinophagaceae.Flavisolibacter.Flavisolibacter_rigui.,1,1,1.00E-04,8,,Eukaryota.Chromista.Ochrophyta.Chrysophyceae.NA..NA...13.x,2,0.909090909,8.00E-04,10
Prokaryota.Bacteria.Firmicutes.Negativicutes.Veillonellales.Veillonellaceae.NA..,1,1,2.00E-04,8,,Eukaryota.Fungi.Ascomycota.Eurotiomycetes.Chaetothyriales.Herpotrichiellaceae.Cladophialophora.Cladophialophora_bantiana.,2,0.909090909,7.00E-04,10
Prokaryota.Bacteria.Planctomycetes.Planctomycetia.Planctomycetales.NA.NA.unidentified_planctomycete.,1,1,1.00E-04,8,,Eukaryota.Fungi.Ascomycota.Eurotiomycetes.Eurotiales.Aspergillaceae.Penicillium...y,2,0.909090909,0.0012,10
Prokaryota.Bacteria.Planctomycetes.Planctomycetia.Planctomycetales.Planctomycetaceae.Planctomyces.Planctomyces_sp_FF15.,1,1,2.00E-04,8,,Eukaryota.Fungi.Basidiomycota.Agaricomycetes.Thelephorales.Thelephoraceae.Thelephora.Thelephora_ganbajun.,2,0.909090909,3.00E-04,10
Prokaryota.Bacteria.Proteobacteria.Alphaproteobacteria.Rhizobiales.Brucellaceae.Ochrobactrum..,1,1,1.00E-04,8,,Eukaryota.Fungi.Zygomycota.NA.Mucorales.NA...,2,0.909090909,7.00E-04,10
Prokaryota.Bacteria.Proteobacteria.Betaproteobacteria.Burkholderiales.Oxalobacteraceae.NA.Oxalobacteraceae_bacterium_9HR.5.,1,1,2.00E-04,8,,NA.NA.NA.NA.NA.NA...,2,0.909090909,2.00E-04,10
Prokaryota.Bacteria.Proteobacteria.Deltaproteobacteria.Myxococcales.Polyangiaceae.Racemicystis.Racemicystis_crocea.,1,1,1.00E-04,8,,Eukaryota.Chromista.Ochrophyta.Chrysophyceae.NA..NA...13.y,2,0.909090909,2.00E-04,10
Prokaryota.Bacteria.Verrucomicrobia.Verrucomicrobiae.Verrucomicrobiales.Verrucomicrobiaceae.Verrucomicrobium.Verrucomicrobium_spinosum.,1,1,1.00E-04,8,,Eukaryota.Chromista.Ochrophyta.Chrysophyceae.NA..NA...16.y,2,0.909090909,5.00E-04,10
Eukaryota.Chromista.Cercozoa.NA.Vampyrellida.Leptophryidae.Platyreta.Platyreta_germanica,1,1,2.00E-04,8,,Prokaryota.Bacteria.Bacteroidetes.Sphingobacteriia.Sphingobacteriales.Sphingobacteriaceae.Mucilaginibacter..,2,0.909090909,5.00E-04,10
Eukaryota.Fungi.Ascomycota.Eurotiomycetes.Chaetothyriales.Herpotrichiellaceae.Cladophialophora.Cladophialophora_sp_20104730d,1,1,2.00E-04,8,,Prokaryota.Bacteria.Gemmatimonadetes.Gemmatimonadetes.Gemmatimonadales.Gemmatimonadaceae.Gemmatimonas.Gemmatimonas_phototrophica.,2,0.909090909,6.00E-04,10
Eukaryota.Fungi.Basidiomycota.Agaricomycetes.Russulales.Stereaceae.Stereum.,1,1,2.00E-04,8,,Prokaryota.Bacteria.Proteobacteria.Betaproteobacteria.Burkholderiales.Comamonadaceae.NA..,2,0.909090909,3.00E-04,10
Eukaryota.Fungi.Basidiomycota.Tremellomycetes.Tremellales.Bulleribasidiaceae.NA.,1,1,1.00E-04,8,,Prokaryota.Bacteria.Verrucomicrobia.Verrucomicrobiae.Verrucomicrobiales.Verrucomicrobia_subdivision_3.NA..,2,0.909090909,3.00E-04,10
Eukaryota.Fungi.Basidiomycota.Tremellomycetes.Trichosporonales.Trichosporonaceae.Apiotrichum.Apiotrichum_porosum,1,1,1.00E-04,8,,Eukaryota.Chromista.Ochrophyta.Chrysophyceae.NA..NA..32,2,0.909090909,3.00E-04,10
Eukaryota.Fungi.Basidiomycota.Agaricostilbomycetes.Agaricostilbales.Agaricostilbaceae.NA.Agaricostilbaceae_sp,1,0.999669381,4.00E-04,9,,Eukaryota.Fungi.Ascomycota.Sordariomycetes.Coniochaetales.NA.NA.Coniochaetales_sp_GMG_C4,2,0.909090909,3.00E-04,10
Eukaryota.Fungi.Ascomycota.Lecanoromycetes.Lecanorales.Lecanoraceae.Lecanora.Lecanora_strobilina.,1,0.999449339,2.00E-04,10,,Eukaryota.Fungi.Basidiomycota.Agaricomycetes.Boletales.Suillaceae.Suillus.,2,0.909090909,0.001,10
Eukaryota.Fungi.Basidiomycota.Spiculogloeomycetes.Spiculogloeales.Spiculogloeaceae.Phyllozyma.,1,0.999073216,1.00E-04,9,,Eukaryota.Fungi.Basidiomycota.Tremellomycetes.Tremellales.NA..,2,0.909090909,5.00E-04,10
Eukaryota.Fungi.Ascomycota.Sordariomycetes.Sordariales.Sordariaceae.Neurospora.Neurospora_crassa.,1,0.99886048,2.00E-04,9,,Eukaryota.Protozoa.Amoebozoa.NA.Leptomyxida.Leptomyxidae.Leptomyxa.Leptomyxa_reticulata,2,0.909090909,3.00E-04,10
Prokaryota.Bacteria.Proteobacteria.Alphaproteobacteria.Caulobacterales.Caulobacteraceae.Caulobacter.,1,0.998696007,3.00E-04,11,,Eukaryota.Protozoa.Amoebozoa.NA.Longamoebia.Acanthamoebidae.Acanthamoeba.,2,0.909090909,3.00E-04,10
Eukaryota.Fungi.Ascomycota.Sordariomycetes.Glomerellales.Plectosphaerellaceae.Verticillium.Verticillium_nonalfalfae.,1,0.998568719,1.00E-04,9,,Eukaryota.Protozoa.Choanozoa.NA.Euglyphida.Euglyphidae.Euglypha.,2,0.909090909,3.00E-04,10
Prokaryota.Bacteria.Proteobacteria.Betaproteobacteria.Burkholderiales.NA.Ideonella..,1,0.998441761,1.00E-04,9,,Eukaryota.Chromista.Ochrophyta.Chrysophyceae.NA..NA..12,2,0.907902367,5.00E-04,11
Prokaryota.Bacteria.Proteobacteria.Betaproteobacteria.Nitrosomonadales.Methylophilaceae.Methylophilus..,1,0.998148148,1.00E-04,9,,Eukaryota.Chromista.Ochrophyta.Chrysophyceae.NA..NA...8.y,2,0.9076307,0.0013,11
Prokaryota.Bacteria.Proteobacteria.Betaproteobacteria.Burkholderiales.Alcaligenaceae.Derxia..,1,0.99804878,3.00E-04,9,,Eukaryota.Chromista.Cercozoa.NA.Cercomonadida.Cercomonadidae.Cercomonas.,2,0.907624418,2.00E-04,11
Prokaryota.Bacteria.Proteobacteria.Alphaproteobacteria.Rhizobiales.Xanthobacteraceae.Pseudolabrys.Pseudolabrys_sp.,1,0.9979115,1.00E-04,9,,Prokaryota.Bacteria.Planctomycetes.Planctomycetia.Planctomycetales.NA...,2,0.907605246,3.00E-04,11
Eukaryota.Fungi.Ascomycota.Eurotiomycetes.Mycocaliciales.Mycocaliciaceae.Mycocalicium.Mycocalicium_subtile.,1,0.9977433,1.00E-04,12,,Eukaryota.Chromista.Ochrophyta.Chrysophyceae.NA..NA...14.y,2,0.90670028,2.00E-04,12
Prokaryota.Bacteria.Proteobacteria.Deltaproteobacteria.Myxococcales.Polyangiaceae.Sorangium.Sorangium_cellulosum.,1,0.997515528,2.00E-04,9,,NA.NA.NA.NA..NA....2.y,2,0.906381616,3.00E-04,11
Prokaryota.Bacteria.Bacteroidetes.Sphingobacteriia.Sphingobacteriales.Sphingobacteriaceae.Sphingobacterium.Sphingobacterium_sp_P.7.,1,0.996921301,1.00E-04,9,,NA.NA.NA.NA.NA.NA....6,2,0.906166975,0.0087,15
Eukaryota.Chromista.Cercozoa.NA.Glissomonadida.Allapsidae.Allapsa.Allapsa_vibrans,1,0.996870518,1.00E-04,11,,Prokaryota.Bacteria.Proteobacteria.Betaproteobacteria.Burkholderiales.Oxalobacteraceae.NA..,2,0.904518435,9.00E-04,11
Prokaryota.Bacteria.Actinobacteria.Actinobacteria.Micrococcales.Micrococcaceae.Arthrobacter.Arthrobacter_sp_SOZ3.2091.,1,0.996806387,1.00E-04,10,,Prokaryota.Bacteria.Proteobacteria.Alphaproteobacteria.Rhizobiales.Bradyrhizobiaceae.Bradyrhizobium..,2,0.904205711,5.00E-04,13
Prokaryota.Bacteria.Proteobacteria.Alphaproteobacteria.Caulobacterales.Caulobacteraceae.Phenylobacterium.Phenylobacterium_koreense.,1,0.996778091,1.00E-04,10,,Prokaryota.Bacteria.Planctomycetes.Planctomycetia.Planctomycetales.Planctomycetaceae.NA..,2,0.903253197,1.00E-04,14
Prokaryota.Bacteria.Bacteroidetes.Chitinophagia.Chitinophagales.Chitinophagaceae.Chitinophaga.Chitinophaga_sp_S136.,1,0.996548749,1.00E-04,9,,Eukaryota.Chromista.Ochrophyta.Chrysophyceae.NA..NA...17,2,0.903053477,4.00E-04,11
Prokaryota.Bacteria.Acidobacteria.Acidobacteriia.Acidobacteriales.Acidobacteriaceae.NA.bacterium_Ellin6100.,1,0.996091205,1.00E-04,10,,Prokaryota.Bacteria.Proteobacteria.Alphaproteobacteria.Rhizobiales.NA...,2,0.902635131,4.00E-04,12
Eukaryota.Chromista.Ochrophyta.Chrysophyceae.NA.NA.NA.Spartobacteria_bacterium_URHD0058.,1,0.996062992,1.00E-04,11,,Prokaryota.Bacteria.Proteobacteria.Alphaproteobacteria.Sphingomonadales.Sphingomonadaceae.Sphingomonas..,2,0.902576251,2.00E-04,12
Eukaryota.Fungi.Ascomycota.Eurotiomycetes.Sclerococcales.NA.Fusichalara.Fusichalara_minuta,1,0.995805662,1.00E-04,11,,Eukaryota.Fungi.Ascomycota.Leotiomycetes.Helotiales.Helotiaceae.NA..,2,0.902286645,0.0031,12
Prokaryota.Bacteria.Proteobacteria.Betaproteobacteria.Burkholderiales.NA.Rhizobacter..,1,0.995650992,1.00E-04,10,,Eukaryota.Protozoa.Amoebozoa.NA.Protosteliales.Protosteliaceae.Schizoplasmodium.Schizoplasmodium_cavostelioides,2,0.902236899,0.001,11
Eukaryota.Animalia.Arthropoda.Maxillopoda.Calanoida.Paracalanidae.Paracalanus.,1,0.995491143,1.00E-04,9,,Prokaryota.Bacteria.Proteobacteria.Betaproteobacteria.Burkholderiales.Burkholderiaceae.NA..,2,0.901818182,0.001,11
Prokaryota.Bacteria.Proteobacteria.Alphaproteobacteria.Rhizobiales.Methylobacteriaceae.Methylobacterium.Methylobacterium_sp_Pao14.,1,0.99517491,1.00E-04,9,,Eukaryota.Chromista.Cercozoa.NA.Cryomonadida.Rhogostomidae.Rhogostoma.,2,0.901622649,0.0011,11
Prokaryota.Bacteria.Proteobacteria.Gammaproteobacteria.Cellvibrionales.Halieaceae.NA..,1,0.99517491,1.00E-04,9,,Prokaryota.Bacteria.Chloroflexi.NA..NA.Kouleothrix.Kouleothrix_aurantiaca.,2,0.901296677,0.0016,11
Eukaryota.Fungi.Ascomycota.Eurotiomycetes.Onygenales.Onygenaceae.Keratinophyton.Keratinophyton_terreum,1,0.994936709,1.00E-04,9,,Prokaryota.Bacteria.Proteobacteria.Alphaproteobacteria.Rhizobiales.Rhizobiaceae.Rhizobium..,2,0.901097304,2.00E-04,11
Prokaryota.Bacteria.Planctomycetes.Planctomycetia.Planctomycetales.Planctomycetaceae.Pirellula.Pirellula_sp.,1,0.994526439,1.00E-04,15,,Prokaryota.Bacteria.Proteobacteria.Alphaproteobacteria.Rhizobiales.Bradyrhizobiaceae.NA..,2,0.901045857,2.00E-04,11
Prokaryota.Bacteria.Proteobacteria.Deltaproteobacteria.Desulfobacterales.Desulfobacteraceae.Desulfosarcina.Desulfosarcina_sp_enrichment_culture_clone_CIBANICRA.SRB44.,1,0.99376947,1.00E-04,9,,Eukaryota.Fungi.Ascomycota.Eurotiomycetes.Chaetothyriales.Herpotrichiellaceae.NA.,2,0.900527432,5.00E-04,11
Prokaryota.Bacteria.Bacteroidetes.Chitinophagia.Chitinophagales.Chitinophagaceae.Chitinophaga.Chitinophaga_sp_BN130233.,1,0.993360996,1.00E-04,13,,Eukaryota.Fungi.Ascomycota.Dothideomycetes.Pleosporales.NA..,2,0.900394753,0.0062,15
Prokaryota.Bacteria.Planctomycetes.Planctomycetia.Planctomycetales.NA.NA.Planctomycete_enrichment_culture_clone_B418.,1,0.992736517,1.00E-04,11,,Prokaryota.Bacteria.Planctomycetes.Planctomycetia.Planctomycetales.Gemmataceae.Gemmata..,2,0.900249176,4.00E-04,11
Prokaryota.Bacteria.Proteobacteria.Betaproteobacteria.Burkholderiales.Burkholderiaceae.Lautropia.Lautropia_sp_CB_286320.,1,0.992177952,1.00E-04,10,,Eukaryota.Chromista.Ochrophyta.Chrysophyceae.NA..NA...12.y,2,0.900211492,7.00E-04,12
Eukaryota.Chromista.Ochrophyta.Chrysophyceae.NA.Hartmannellidae.Saccamoeba.Saccamoeba_sp_MSED6.,1,0.991385364,1.00E-04,15,,Eukaryota.Fungi.Basidiomycota.Agaricomycetes.Agaricales.Agaricaceae.NA.,2,0.900122299,9.00E-04,11
Prokaryota.Bacteria.Proteobacteria.Alphaproteobacteria.Caulobacterales.Caulobacteraceae.Phenylobacterium.Phenylobacterium_sp_TMB1.24.,1,0.990934844,1.00E-04,10,,Prokaryota.Bacteria.Proteobacteria.Gammaproteobacteria.Pseudomonadales.Pseudomonadaceae.Pseudomonas..,2,0.899600242,0.001,11
Eukaryota.Chromista.Ochrophyta.Chrysophyceae.NA..Leohumicola.Leohumicola_minima.,1,0.990633689,3.00E-04,12,,NA.NA.NA.NA..NA....7,2,0.898834499,6.00E-04,11
Eukaryota.Protozoa.Sulcozoa.NA.Rigifilida.NA.Micronuclearia.Micronuclearia_podoventralis,1,0.990353698,2.00E-04,11,,Eukaryota.Chromista.Ochrophyta.Chrysophyceae.NA..NA...10.y,2,0.898706693,4.00E-04,11
Prokaryota.Bacteria.Planctomycetes.Planctomycetia.Planctomycetales.NA.NA.bacterium_Ellin5111.,1,0.989834816,1.00E-04,14,,Eukaryota.Fungi.Ascomycota.NA.NA.NA.Tetracladium..,2,0.898280098,0.0017,11
Eukaryota.Chromista.Ochrophyta.Chrysophyceae.NA.NA.NA.delta_proteobacterium_pACH72.,1,0.989717224,1.00E-04,10,,Eukaryota.Fungi.Ascomycota.Eurotiomycetes.Eurotiales.Aspergillaceae.Penicillium.Penicillium_sp_ShG4C.,2,0.896948896,0.0139,16
Prokaryota.Bacteria.Actinobacteria.Actinobacteria.Frankiales.Frankiaceae.Jatrophihabitans.Jatrophihabitans_sp.,1,0.989494419,2.00E-04,12,,Prokaryota.Bacteria.Proteobacteria.Alphaproteobacteria.Rhizobiales.Hyphomicrobiaceae.Devosia..,2,0.896448684,9.00E-04,11
Eukaryota.Chromista.Ochrophyta.Chrysophyceae.NA.NA.NA.alpha_proteobacterium_SCGC_AAA158.C16.,1,0.989417989,1.00E-04,10,,Prokaryota.Bacteria.Verrucomicrobia.Verrucomicrobiae.Verrucomicrobiales.Verrucomicrobia_subdivision_3.NA.bacterium_Ellin516.,2,0.896253939,8.00E-04,11
Prokaryota.Bacteria.Proteobacteria.Alphaproteobacteria.Rhizobiales.Methylobacteriaceae.Methylobacterium.Methylobacterium_sp_G03_78.21.,1,0.989417989,1.00E-04,9,,Eukaryota.Chromista.Ochrophyta.Chrysophyceae.NA.NA.NA.anaerobic_bacterium_MO.CFX2.,2,0.895880869,1.00E-04,12
Prokaryota.Bacteria.Chloroflexi.Anaerolineae.Anaerolineales.Anaerolineaceae.NA.Anaerolineaceae_bacterium_enrichment_culture.,1,0.988892746,2.00E-04,11,,Eukaryota.Fungi.Ascomycota.Eurotiomycetes.Eurotiales.Aspergillaceae.NA...y,2,0.895845876,7.00E-04,11
Prokaryota.Bacteria.Verrucomicrobia.Verrucomicrobiae.Verrucomicrobiales.Verrucomicrobiaceae.Persicirhabdus.Persicirhabdus_sediminis.,1,0.988497484,1.00E-04,9,,Prokaryota.Bacteria.Proteobacteria.Alphaproteobacteria.Rhodospirillales.Acetobacteraceae.NA..,2,0.895845876,3.00E-04,11
Prokaryota.Bacteria.Acidobacteria.Acidobacteriia.Acidobacteriales.Acidobacteriaceae.NA.bacterium_Ellin6099.,1,0.9881266,1.00E-04,14,,Prokaryota.Bacteria.Proteobacteria.Betaproteobacteria.Burkholderiales.NA...,2,0.895704028,2.00E-04,15
Eukaryota.Chromista.Ciliophora.Colpodea.Colpodida.Marynidae.Maryna.Maryna_ovata,1,0.987878016,0.0225,18,,Eukaryota.Chromista.Ciliophora.Litostomatea.Haptorida.NA..,2,0.893966476,0.0011,12
Eukaryota.Plantae.Rhodophyta.Cryptophyta.Cryptomonadales.Goniomonadaceae.Goniomonas.Goniomonas_sp_SH.8,1,0.987401575,1.00E-04,11,,Eukaryota.Protozoa.Choanozoa.NA.Euglyphida.Euglyphidae.Euglypha.Euglypha_rotunda,2,0.893870209,0.0024,12
Prokaryota.Bacteria.Proteobacteria.Oligoflexia.Oligoflexales.NA...,1,0.987179487,3.00E-04,11,,Prokaryota.Bacteria.Acidobacteria.NA..NA.Luteitalea.Luteitalea_pratensis.,2,0.893792592,3.00E-04,13
Eukaryota.Chromista.Ochrophyta.Chrysophyceae.NA.Pseudeurotiaceae.Pseudogymnoascus..,1,0.986954306,2.00E-04,13,,Prokaryota.Bacteria.Proteobacteria.Deltaproteobacteria.Myxococcales.NA...,2,0.893603041,8.00E-04,13
Prokaryota.Bacteria.Actinobacteria.Actinobacteria.Streptosporangiales.Thermomonosporaceae.Actinocorallia.Actinocorallia_longicatena.,1,0.986949429,1.00E-04,9,,Eukaryota.Plantae.Streptophyta.Bryopsida.Funariales.Funariaceae.NA.,2,0.893603041,0.0022,11
Eukaryota.Fungi.Ascomycota.Eurotiomycetes.Onygenales.Arthrodermataceae.NA..,1,0.986686637,1.00E-04,15,,Prokaryota.Bacteria.Bacteroidetes.Chitinophagia.Chitinophagales.Chitinophagaceae.Ferruginibacter..,2,0.893441457,2.00E-04,11
Eukaryota.Chromista.Ciliophora.Spirotrichea.Urostylida.Urostylidae.NA.,1,0.98590998,1.00E-04,11,,Eukaryota.Fungi.Ascomycota.Sordariomycetes.Hypocreales.NA....1,2,0.893342878,0.0091,13
Prokaryota.Bacteria.Fibrobacteres.Fibrobacteria.Fibrobacterales.Fibrobacteraceae.Fibrobacter.Fibrobacter_sp.,1,0.985462475,1.00E-04,14,,Prokaryota.Bacteria.Gemmatimonadetes.Gemmatimonadetes.Gemmatimonadales.Gemmatimonadaceae.Gemmatimonas.Gemmatimonas_aurantiaca.,2,0.892724297,0.0013,11
Prokaryota.Bacteria.Proteobacteria.Betaproteobacteria.Nitrosomonadales.Nitrosomonadaceae.NA..,1,0.984521677,2.00E-04,15,,Prokaryota.Bacteria.Actinobacteria.Actinobacteria.Micrococcales.Microbacteriaceae.NA..,2,0.890028767,5.00E-04,12
Eukaryota.Chromista.Cercozoa.NA.Cryomonadida.NA..,1,0.982952124,1.00E-04,11,,Prokaryota.Bacteria.Planctomycetes.Planctomycetia.Planctomycetales.Gemmataceae.Fimbriiglobus.Fimbriiglobus_ruber.,2,0.889673433,9.00E-04,11
Prokaryota.Bacteria.Proteobacteria.Gammaproteobacteria.Pseudomonadales.Pseudomonadaceae.NA.gamma_proteobacterium_Y.134.,1,0.982570806,2.00E-04,9,,Prokaryota.Bacteria.Actinobacteria.Thermoleophilia.Solirubrobacterales.Conexibacteraceae.Conexibacter..,2,0.888641011,7.00E-04,11
Eukaryota.Fungi.Basidiomycota.Agaricomycetes.Agaricales.Entolomataceae.Entoloma...y,1,0.982410219,0.0011,11,,Prokaryota.Bacteria.Proteobacteria.Alphaproteobacteria.Micropepsales.Micropepsaceae.Rhizomicrobium..,2,0.888500655,8.00E-04,12
Prokaryota.Bacteria.Acidobacteria.Acidobacteriia.Acidobacteriales.Acidobacteriaceae.Terriglobus.Terriglobus_sp_L56.,1,0.981403586,1.00E-04,15,,Prokaryota.Bacteria.Actinobacteria.Thermoleophilia.Solirubrobacterales.Solirubrobacteraceae.Solirubrobacter..,2,0.888300888,0.0016,13
Eukaryota.Chromista.Ochrophyta.Chrysophyceae.NA.NA.NA.actinobacterium_SCGC_AAA007.L10.,1,0.98097503,2.00E-04,10,,Prokaryota.Bacteria.Planctomycetes.Planctomycetia.Planctomycetales.NA.NA.Planctomycetales_bacterium_Ellin7224.,2,0.883515462,8.00E-04,11
Eukaryota.Chromista.Cercozoa.NA.Cercomonadida.Cercomonadidae.NA.,1,0.979601473,2.00E-04,15,,Eukaryota.Chromista.Ochrophyta.Chrysophyceae.NA.Spongomonadidae.Spongomonas.Spongomonas_minima,2,0.883427949,2.00E-04,12
Eukaryota.Fungi.Ascomycota.NA.NA.NA.Monocillium.Monocillium_mucidum.,1,0.979275644,1.00E-04,12,,Prokaryota.Bacteria.Bacteroidetes.Sphingobacteriia.Sphingobacteriales.Sphingobacteriaceae.Pedobacter..,2,0.882981249,7.00E-04,11
Eukaryota.Chromista.Ochrophyta.Chrysophyceae.NA.NA.Terrimicrobium.Terrimicrobium_sacchariphilum.,1,0.979256698,1.00E-04,10,,Prokaryota.Bacteria.Bacteroidetes.Flavobacteriia.Flavobacteriales.Flavobacteriaceae.Flavobacterium..,2,0.882705685,0.0029,12
Eukaryota.Chromista.Cercozoa.NA.Glissomonadida.Sandonidae.Bodomorpha.Bodomorpha_minima.1,1,0.979207277,3.00E-04,11,,Prokaryota.Bacteria.Proteobacteria.Betaproteobacteria.Nitrosomonadales.NA...,2,0.882518721,0.0021,12
Eukaryota.Chromista.Ochrophyta.Chrysophyceae.NA.Vannellidae.Vannella.Vannella_sp_ISCRH,1,0.977946244,1.00E-04,11,,NA.NA.NA.NA..NA...,2,0.881777833,0.0011,12
Eukaryota.Chromista.Ochrophyta.Chrysophyceae.Chromulinales.Chrysocapsaceae.Chrysocapsa.,1,0.977777778,2.00E-04,10,,Eukaryota.Chromista.Ochrophyta.Chrysophyceae.NA..NA..1,2,0.881648299,0.0169,18
Eukaryota.Chromista.Ochrophyta.Chrysophyceae.NA.NA.NA.alpha_proteobacterium_SCGC_AAA043.C09.,1,0.976071785,1.00E-04,9,,Eukaryota.Chromista.Ciliophora.Spirotrichea.Urostylida.NA..,2,0.880492244,0.0095,14
Prokaryota.Bacteria.Cyanobacteria.NA.Nostocales.Nostocaceae.NA..,1,0.976071785,1.00E-04,9,,Prokaryota.Bacteria.Planctomycetes.Planctomycetia.Planctomycetales.Planctomycetaceae.NA.planctomycete_LX80.,2,0.880437614,0.001,12
Prokaryota.Bacteria.Actinobacteria.Actinobacteria.Propionibacteriales.Nocardioidaceae.Nocardioides.Nocardioides_sp_MSL_21.,1,0.974386339,1.00E-04,11,,Eukaryota.Chromista.Cercozoa.NA.Cercomonadida.NA..,2,0.879868232,1.00E-04,12
Eukaryota.Chromista.Ciliophora.Litostomatea.Haptorida.Spathidiidae.Spathidium.,1,0.974374769,1.00E-04,12,,Prokaryota.Bacteria.Actinobacteria.Actinobacteria.Streptomycetales.Streptomycetaceae.Streptomyces..,2,0.879060879,0.0112,13
Prokaryota.Bacteria.Bacteroidetes.Cytophagia.Cytophagales.Hymenobacteraceae.Adhaeribacter.Adhaeribacter_aerolatus.,1,0.972270364,1.00E-04,10,,Prokaryota.Bacteria.Acidobacteria.Holophagae.Holophagales.Holophagaceae.Holophaga..,2,0.878879429,0.0027,11
Prokaryota.Bacteria.Firmicutes.Bacilli.Bacillales.Paenibacillaceae.Ammoniphilus.Ammoniphilus_oxalivorans.,1,0.97188755,1.00E-04,12,,Prokaryota.Bacteria.Proteobacteria.Alphaproteobacteria.Sphingomonadales.Sphingomonadaceae.NA..,2,0.878021224,0.0046,17
Prokaryota.Bacteria.Actinobacteria.Actinobacteria.Streptosporangiales.Thermomonosporaceae.NA.Thermomonosporaceae_bacterium_YE4.D4.16.CH2.,1,0.970186335,2.00E-04,9,,Eukaryota.Chromista.Ochrophyta.Chrysophyceae.NA..NA...4,2,0.87602525,0.0015,13
Eukaryota.Fungi.Ascomycota.Dothideomycetes.Pleosporales.Pleosporaceae.NA.,1,0.968898068,5.00E-04,12,,Prokaryota.Bacteria.Verrucomicrobia.Opitutae.Opitutales.Opitutaceae.Lacunisphaera..,2,0.875868318,8.00E-04,11
Prokaryota.Bacteria.Proteobacteria.Alphaproteobacteria.Caulobacterales.Caulobacteraceae.Brevundimonas..,1,0.968462549,1.00E-04,12,,Prokaryota.Bacteria.Proteobacteria.Deltaproteobacteria.Myxococcales.NA.NA.myxobacterium_AT3.03.,2,0.874726648,0.0044,13
Prokaryota.Bacteria.Planctomycetes.Planctomycetia.Planctomycetales.Gemmataceae.Gemmata.Gemmata_sp_SD2.6.,1,0.968,1.00E-04,9,,Eukaryota.Chromista.Ochrophyta.Chrysophyceae.NA..NA...7.y,2,0.874375031,0.0015,12
Prokaryota.Bacteria.Proteobacteria.Alphaproteobacteria.Caulobacterales.Caulobacteraceae.Asticcacaulis..,1,0.967032967,1.00E-04,13,,Eukaryota.Chromista.Ochrophyta.Chrysophyceae.NA.NA.NA.Actinobacteria_bacterium_IMCC26256.,2,0.874247704,0.0011,11
Eukaryota.Chromista.Ochrophyta.Chrysophyceae.NA.NA.Saitoella.Saitoella_complicata,1,0.96347032,2.00E-04,10,,Eukaryota.Fungi.Zygomycota.NA.Mortierellales.Mortierellaceae.Mortierella.,2,0.872041397,0.0017,11
Eukaryota.Protozoa.Amoebozoa.NA.Longamoebia.Acanthamoebidae.Luapeleamoeba.Luapeleamoeba_arachisporum,1,0.96281952,4.00E-04,9,,Eukaryota.Chromista.Ochrophyta.Chrysophyceae.NA..NA...19,2,0.870969407,0.0025,18
Prokaryota.Bacteria.Proteobacteria.Gammaproteobacteria.Enterobacterales.NA...,1,0.96259185,1.00E-04,13,,Eukaryota.Chromista.Ochrophyta.Chrysophyceae.NA..NA..9,2,0.870959355,0.0067,16
Eukaryota.Fungi.Ascomycota.Orbiliomycetes.Orbiliales.Orbiliaceae.Orbilia.,1,0.962080384,0.0136,15,,Prokaryota.Bacteria.Verrucomicrobia.Verrucomicrobiae.Verrucomicrobiales.Verrucomicrobiaceae.NA..,2,0.870874349,9.00E-04,11
Prokaryota.Bacteria.Ignavibacteriae.Ignavibacteria.Ignavibacteriales.Ignavibacteriaceae.Ignavibacterium.Ignavibacterium_album.,1,0.959942775,2.00E-04,12,,NA.NA.NA.NA..NA....5,2,0.869037505,0.0027,12
Prokaryota.Bacteria.Chloroflexi.Chloroflexia.Chloroflexales.Oscillochloridaceae.Oscillochloris.Oscillochloris_trichoides.,1,0.958974359,1.00E-04,11,,Eukaryota.Chromista.Ochrophyta.Chrysophyceae.NA.NA.NA.bacterium_Ellin506.,2,0.86608727,6.00E-04,11
Eukaryota.Chromista.Ochrophyta.Chrysophyceae.NA.Amylovoracidae.Bitricha.Bitricha_tasmaniensis,1,0.9559956,3.00E-04,10,,Eukaryota.Chromista.Ochrophyta.Chrysophyceae.NA..NA.,2,0.8647019,0.0013,15
Prokaryota.Bacteria.Acidobacteria.Solibacteres.Solibacterales.Bryobacteraceae.NA..,1,0.954850847,1.00E-04,17,,NA.NA.NA.NA..NA....8,2,0.860594304,0.0025,13
Prokaryota.Bacteria.Proteobacteria.Alphaproteobacteria.Rhodobacterales.Rhodobacteraceae.Rhodovulum.Rhodovulum_sp.,1,0.953161593,4.00E-04,12,,Eukaryota.Fungi.Basidiomycota.Tremellomycetes.Filobasidiales.NA..,2,0.859986729,0.0024,12
Prokaryota.Bacteria.Actinobacteria.Actinobacteria.Propionibacteriales.Nocardioidaceae.Marmoricola..,1,0.952713595,0.0146,17,,Eukaryota.Chromista.Cercozoa.NA.Cercomonadida.Cercomonadidae.Cercomonas.Cercomonas_celer,2,0.859339665,6.00E-04,12
Prokaryota.Bacteria.Actinobacteria.Actinobacteria.Pseudonocardiales.Pseudonocardiaceae.NA..,1,0.950617284,2.00E-04,16,,Prokaryota.Bacteria.Actinobacteria.Actinobacteria.Nakamurellales.Nakamurellaceae.Nakamurella..,2,0.859268845,0.0098,14
Eukaryota.Chromista.Cercozoa.NA.Cercomonadida.Cercomonadidae.Paracercomonas.,1,0.945701357,5.00E-04,13,,Eukaryota.Chromista.Ochrophyta.Chrysophyceae.NA.NA.NA.endosymbiont_of_Ridgeia_piscesae.,2,0.856916996,0.0023,13
Prokaryota.Bacteria.Proteobacteria.Alphaproteobacteria.Rhodospirillales.Acetobacteraceae.NA.,1,0.941712204,1.00E-04,11,,Prokaryota.Bacteria.Proteobacteria.Deltaproteobacteria.Myxococcales.Polyangiaceae.NA..,2,0.854616201,0.0032,14
Prokaryota.Bacteria.Actinobacteria.Actinobacteria.Propionibacteriales.Nocardioidaceae.Kribbella.Kribbella_sp_enrichment_culture_clone_VanCtr42.,1,0.941571721,4.00E-04,15,,Prokaryota.Bacteria.Planctomycetes.Planctomycetia.Planctomycetales.Gemmataceae.NA..,2,0.854045038,0.0012,11
Prokaryota.Bacteria.Chloroflexi.Caldilineae.Caldilineales.Caldilineaceae.NA..,1,0.941093969,1.00E-04,14,,Prokaryota.Bacteria.Actinobacteria.Actinobacteria.Propionibacteriales.Nocardioidaceae.Nocardioides..,2,0.853224987,0.0035,12
Eukaryota.Fungi.Zygomycota.NA.Mortierellales.Mortierellaceae.Mortierella.Mortierella_verticillata,1,0.938713123,0.0092,13,,Prokaryota.Bacteria.Planctomycetes.Planctomycetia.Planctomycetales.NA.NA.metal.contaminated_soil_clone_K20.02.,2,0.850883691,0.0035,14
Eukaryota.Chromista.Ochrophyta.Chrysophyceae.NA..Aridibacter..,1,0.938305985,1.00E-04,17,,Eukaryota.Chromista.Ochrophyta.Chrysophyceae.NA.NA.NA.NA.,2,0.85080896,0.0011,11
Prokaryota.Bacteria.Chloroflexi.Anaerolineae.Anaerolineales.Anaerolineaceae.Ornatilinea.Ornatilinea_apprima.,1,0.938113208,1.00E-04,16,,Prokaryota.Bacteria.Proteobacteria.Alphaproteobacteria.Rhizobiales.NA.NA.Rhizobiales_bacterium_URHC0029.,2,0.850151813,0.0103,14
Prokaryota.Bacteria.Bacteroidetes.Chitinophagia.Chitinophagales.Chitinophagaceae.Niabella..,1,0.937984496,3.00E-04,9,,Prokaryota.Bacteria.Bacteroidetes.Chitinophagia.Chitinophagales.Chitinophagaceae.NA..,2,0.845782934,7.00E-04,18
Prokaryota.Bacteria.Verrucomicrobia.Opitutae.Opitutales.Opitutaceae.Opitutus.Opitutus_sp_enrichment_culture_clone_Lt.B7.,1,0.931565441,1.00E-04,16,,Prokaryota.Bacteria.Proteobacteria.Alphaproteobacteria.Rhodospirillales.Rhodospirillaceae.Dongia..,2,0.843445395,0.0044,13
Prokaryota.Bacteria.Planctomycetes.Planctomycetia.Planctomycetales.Gemmataceae.Gemmata.Gemmata_sp_Br1.1.,1,0.928008999,4.00E-04,13,,Prokaryota.Bacteria.Proteobacteria.Alphaproteobacteria.Caulobacterales.Caulobacteraceae.Phenylobacterium..,2,0.840315118,0.0021,12
Prokaryota.Bacteria.Proteobacteria.Alphaproteobacteria.Rhodobacterales.Rhodobacteraceae.NA..,1,0.920792079,5.00E-04,12,,Prokaryota.Bacteria.Bacteroidetes.Chitinophagia.Chitinophagales.Chitinophagaceae.Terrimonas..,2,0.838880277,0.0015,11
Eukaryota.Chromista.Ochrophyta.Chrysophyceae.NA.NA.Blastocatella.Blastocatella_fastidiosa.,1,0.908001169,3.00E-04,18,,Eukaryota.Protozoa.Choanozoa.NA.Euglyphida.Sphenoderiidae.Sphenoderia.Sphenoderia_pseudominuta,2,0.831168831,6.00E-04,14
Prokaryota.Bacteria.Proteobacteria.Alphaproteobacteria.Rhodospirillales.Acetobacteraceae.NA.Acetobacteraceae_bacterium_MP03.,1,0.907444668,5.00E-04,17,,Prokaryota.Bacteria.Proteobacteria.Betaproteobacteria.Burkholderiales.Comamonadaceae.Variovorax..,2,0.827458256,5.00E-04,15
Eukaryota.Chromista.Ciliophora.Colpodea.Sorogenida.Sorogenidae.Sorogena.Sorogena_stoianovitchae,1,0.900744417,0.0013,11,,Eukaryota.Chromista.Ochrophyta.Chrysophyceae.NA.NA.NA.bacterium_Ellin511.,2,0.82556775,0.0022,14
Eukaryota.Fungi.Ascomycota.Sordariomycetes.Hypocreales.NA....y,1,0.898011696,0.0079,18,,Eukaryota.Fungi.Ascomycota.Eurotiomycetes.Eurotiales.NA..,2,0.825525449,0.0012,12
Prokaryota.Bacteria.Planctomycetes.Planctomycetia.Planctomycetales.Planctomycetaceae.Pirellula.Pirellula_staleyi.,1,0.896620278,0.001,17,,Prokaryota.Bacteria.Chloroflexi.Anaerolineae.Anaerolineales.Anaerolineaceae.NA..,2,0.823829033,0.0037,12
Prokaryota.Bacteria.Proteobacteria.Alphaproteobacteria.Rhodospirillales.Acetobacteraceae.Acidisoma.Acidisoma_sp_L85.,1,0.894139887,4.00E-04,12,,Prokaryota.Bacteria.Proteobacteria.Gammaproteobacteria.Nevskiales.Sinobacteraceae.NA..,2,0.823620824,0.0123,14
Eukaryota.Chromista.Ochrophyta.Chrysophyceae.NA.NA.NA.bacterium_Ellin5082.,1,0.891891892,0.001,12,,Prokaryota.Bacteria.Actinobacteria.Actinobacteria.Pseudonocardiales.Pseudonocardiaceae.Pseudonocardia..,2,0.821301603,0.0066,18
Eukaryota.Chromista.Miozoa.Dinophyceae.Peridiniales.NA..,1,0.891891892,7.00E-04,11,,Eukaryota.Chromista.Ochrophyta.Chrysophyceae.NA..NA...2.y,2,0.818181818,0.0067,9
Prokaryota.Bacteria.Actinobacteria.Actinobacteria.Pseudonocardiales.Pseudonocardiaceae.Lentzea..,1,0.890809827,0.0021,13,,Eukaryota.Chromista.Ochrophyta.Chrysophyceae.NA.Pseudeurotiaceae.Pseudogymnoascus.Pseudogymnoascus_destructans.,2,0.818181818,0.002,9
Prokaryota.Bacteria.Actinobacteria.Actinobacteria.Geodermatophilales.Geodermatophilaceae.Blastococcus..,1,0.889482409,3.00E-04,18,,Eukaryota.Fungi.Ascomycota.Dothideomycetes.Pleosporales.Phaeosphaeriaceae.Parastagonospora.Parastagonospora_nodorum.,2,0.818181818,0.0018,9
Prokaryota.Bacteria.Actinobacteria.Actinobacteria.Actinomycetales.NA...,1,0.888579387,9.00E-04,12,,Eukaryota.Chromista.Ochrophyta.Chrysophyceae.NA.NA.NA.alpha_proteobacterium_BAC11.,2,0.818181818,0.0021,9
Eukaryota.Chromista.Ochrophyta.Chrysophyceae.NA.NA.Calyptrozyma.Calyptrozyma_arxii.,1,0.888379964,0.0356,15,,Prokaryota.Bacteria.Bacteroidetes.Chitinophagia.Chitinophagales.Chitinophagaceae.Sediminibacterium.Sediminibacterium_aquarii.,2,0.818181818,9.00E-04,9
Prokaryota.Bacteria.Proteobacteria.Alphaproteobacteria.Caulobacterales.Caulobacteraceae.Phenylobacterium.Phenylobacterium_sp_URHA0004.,1,0.880762565,2.00E-04,15,,Prokaryota.Bacteria.Proteobacteria.Alphaproteobacteria.Rhizobiales.Xanthobacteraceae.Labrys..,2,0.818181818,0.0011,9
Prokaryota.Bacteria.Proteobacteria.Alphaproteobacteria.Rhizobiales.Bradyrhizobiaceae.Rhodopseudomonas..,1,0.876923077,2.00E-04,12,,Prokaryota.Bacteria.Proteobacteria.Betaproteobacteria.Burkholderiales.Burkholderiaceae.Burkholderia..,2,0.818181818,0.0021,9
Prokaryota.Bacteria.Bacteroidetes.Cytophagia.Cytophagales.Cytophagaceae.Cytophaga..,1,0.875,4.00E-04,7,,Eukaryota.Chromista.Cercozoa.NA.Cercomonadida.Heteromitidae.NA.Rigidomastix.like_sp_.SA.,2,0.818181818,0.0022,9
Prokaryota.Bacteria.Firmicutes.Clostridia.Clostridiales.Clostridiaceae.Clostridium.Clostridium_sp_E033.,1,0.875,2.00E-04,7,,Eukaryota.Chromista.Ochrophyta.Chrysophyceae.NA..NA..2,2,0.818181818,0.0022,9
Eukaryota.Chromista.Ochrophyta.Chrysophyceae.NA.Theileriidae.Theileria.Theileria_sp,1,0.875,3.00E-04,7,,Eukaryota.Chromista.Ochrophyta.Chrysophyceae.NA..NA..28,2,0.818181818,0.003,9
Eukaryota.Fungi.Glomeromycota.Glomeromycetes.Glomerales.Glomeraceae.Septoglomus.Septoglomus_fuscum,1,0.875,4.00E-04,7,,Eukaryota.Chromista.Ochrophyta.Chrysophyceae.NA.Apusomonadidae.Apusomonas.Apusomonas_proboscidea,2,0.818181818,0.0017,9
Eukaryota.Plantae.Streptophyta.Jungermanniopsida.Porellales.Lejeuneaceae.Cyclolejeunea.,1,0.875,1.00E-04,7,,Eukaryota.Fungi.Ascomycota.Eurotiomycetes.Chaetothyriales.NA..,2,0.818181818,0.0017,9
Eukaryota.Fungi.Ascomycota.Eurotiomycetes.Eurotiales.NA.Aspergillus..,1,0.874230262,0.002,8,,Eukaryota.Fungi.Zygomycota.NA.Mucorales.Mucoraceae.NA.,2,0.818181818,0.0014,9
Eukaryota.Fungi.Ascomycota.NA.NA.NA.Tetracladium.Tetracladium_setigerum.,1,0.873799262,8.00E-04,8,,Prokaryota.Bacteria.Bacteroidetes.Sphingobacteriia.Sphingobacteriales.NA...,2,0.817009878,0.0031,14
NA.NA.NA.NA.NA.NA....5,1,0.873707175,7.00E-04,8,,Eukaryota.Chromista.Ochrophyta.Chrysophyceae.NA.NA.Tetracladium.Tetracladium_setigerum.,2,0.816233344,0.0131,10
Prokaryota.Bacteria.Actinobacteria.Actinobacteria.Frankiales.Sporichthyaceae.Sporichthya.Sporichthya_polymorpha.,1,0.873040314,7.00E-04,8,,Eukaryota.Fungi.Ascomycota.Leotiomycetes.Helotiales.Chlorociboriaceae.Chlorociboria.Chlorociboria_aeruginosa,2,0.816060677,0.0137,10
Eukaryota.Animalia.Arthropoda.Insecta.Trichoptera.Oeconesidae.Pseudoeconesus.Pseudoeconesus_hudsoni.,1,0.872681543,6.00E-04,8,,Eukaryota.Fungi.Ascomycota.Leotiomycetes.Helotiales.NA..,2,0.814501427,0.0054,13
Eukaryota.Fungi.Basidiomycota.Agaricomycetes.Russulales.Auriscalpiaceae.Lentinellus.Lentinellus_cochleatus.,1,0.8717208,6.00E-04,8,,Eukaryota.Fungi.Basidiomycota.Agaricomycetes.Boletales.NA..,2,0.812145601,0.0043,10
Prokaryota.Bacteria.Actinobacteria.Actinobacteria.Corynebacteriales.Mycobacteriaceae.Mycobacterium.Mycobacterium_sp_I15A.00823.,1,0.871617891,0.0245,13,,Eukaryota.Chromista.Ochrophyta.Chrysophyceae.NA.NA.NA.bacterium_Ellin6067.,2,0.811243551,0.0092,13
Eukaryota.Chromista.Ochrophyta.Chrysophyceae.NA.NA.Rotaria.Rotaria_sordida,1,0.870094604,3.00E-04,8,,Prokaryota.Bacteria.Actinobacteria.Thermoleophilia.Solirubrobacterales.NA...,2,0.810081008,0.0117,16
Prokaryota.Bacteria.Bacteroidetes.Flavobacteriia.Flavobacteriales.Cryomorphaceae.Owenweeksia..,1,0.870056497,6.00E-04,8,,Eukaryota.Chromista.Cercozoa.NA.Thaumatomonadida.NA..,2,0.808704809,0.0035,12
Eukaryota.Chromista.Cercozoa.NA.Cercomonadida.Cercomonadidae.Cercomonas.Cercomonas_edax,1,0.868421053,0.0011,10,,Eukaryota.Fungi.Basidiomycota.Agaricomycetes.Agaricales.Inocybaceae.Inocybe.,2,0.807834017,0.0312,12
Eukaryota.Chromista.Ochrophyta.Chrysophyceae.NA.Olpidiaceae.Olpidium.Olpidium_brassicae,1,0.867213571,4.00E-04,8,,Eukaryota.Fungi.Ascomycota.Sordariomycetes.Glomerellales.Glomerellaceae.Colletotrichum..,2,0.806508666,0.0093,10
Prokaryota.Bacteria.Proteobacteria.Betaproteobacteria.Nitrosomonadales.Gallionellaceae.Candidatus_Nitrotoga.Candidatus_Nitrotoga_arctica.,1,0.865491714,1.00E-04,8,,Eukaryota.Fungi.Ascomycota.Leotiomycetes.Helotiales.Hyaloscyphaceae.Hyaloscypha.Hyaloscypha_minuta,2,0.806090461,0.0176,11
Eukaryota.Fungi.Ascomycota.Saccharomycetes.Saccharomycetales.Trichomonascaceae.Sugiyamaella.Sugiyamaella_lignohabitans.,1,0.864594394,0.0039,12,,Prokaryota.Bacteria.Bacteroidetes.Sphingobacteriia.Sphingobacteriales.NA.NA.Sphingobacteriales_bacterium_TP498.,2,0.801359388,0.0076,13
Prokaryota.Bacteria.Proteobacteria.Alphaproteobacteria.Sphingomonadales.Sphingomonadaceae.Novosphingobium.Novosphingobium_sp_LP32.,1,0.862288136,6.00E-04,9,,NA.NA.NA.NA..NA....1.y,2,0.80078766,0.0054,18
Eukaryota.Chromista.Miozoa.Bacillariophyceae.Bacillariales.Bacillariaceae.NA.,1,0.860817335,0.0047,9,,Eukaryota.Chromista.Ochrophyta.Chrysophyceae.NA..NA...1.y,2,0.800563777,0.008,13
Eukaryota.Chromista.Cercozoa.NA.Thaumatomonadida.Thaumatomastigidae.NA.,1,0.860772358,8.00E-04,9,,Eukaryota.Chromista.Ochrophyta.Chrysophyceae.NA..NA...y.y,2,0.800557794,0.0201,18
Eukaryota.Protozoa.Choanozoa.NA.Choanoflagellida.NA..,1,0.860438942,0.0054,17,,Prokaryota.Bacteria.Actinobacteria.Actinobacteria.Pseudonocardiales.Pseudonocardiaceae.Actinomycetospora..,2,0.796837945,0.0045,10
Eukaryota.Protozoa.Choanozoa.NA.Euglyphida.NA..,1,0.860165593,5.00E-04,18,,Prokaryota.Bacteria.Proteobacteria.Alphaproteobacteria.Sphingomonadales.Sphingomonadaceae.Sphingosinicella.Sphingosinicella_sp.,2,0.796495071,0.0038,11
Prokaryota.Bacteria.Bacteroidetes.Flavobacteriia.Flavobacteriales.Flavobacteriaceae.Chryseobacterium..,1,0.859749455,2.00E-04,8,,Eukaryota.Chromista.Ochrophyta.Chrysophyceae.NA.NA.NA.bacterium_Ellin6095.,2,0.795849312,0.0043,11
Prokaryota.Bacteria.Proteobacteria.Alphaproteobacteria.Sphingomonadales.Sphingomonadaceae.Sphingomonas.Sphingomonas_crusticola.,1,0.859375,6.00E-04,8,,Eukaryota.Chromista.Ochrophyta.Chrysophyceae.NA..NA..24,2,0.795130795,0.0257,17
Prokaryota.Bacteria.Proteobacteria.Alphaproteobacteria.Rhizobiales.NA.NA.Rhizobiales_bacterium_URHC032R.,1,0.859180791,7.00E-04,8,,Eukaryota.Fungi.Zygomycota.NA.Mucorales.Mucoraceae.Mucor.,2,0.795085154,0.0052,11
Eukaryota.Protozoa.Amoebozoa.NA.Longamoebia.NA.Mayorella.Mayorella_gemmifera,1,0.858900644,9.00E-04,10,,Prokaryota.Bacteria.Gemmatimonadetes.Gemmatimonadetes.Gemmatimonadales.Gemmatimonadaceae.Gemmatimonas..,2,0.79338843,0.0015,10
Prokaryota.Bacteria.Actinobacteria.Actinobacteria.Frankiales.Cryptosporangiaceae.NA..,1,0.85813253,0.0045,10,,Eukaryota.Fungi.Basidiomycota.Agaricomycetes.Thelephorales.Thelephoraceae.Tomentella...x,2,0.791313349,0.0323,15
Eukaryota.Fungi.Zygomycota.NA.Mucorales.Mucoraceae.NA.Mucoraceae_sp_LM546,1,0.857514571,0.0015,9,,Prokaryota.Bacteria.Proteobacteria.Alphaproteobacteria.Rhizobiales.NA.NA.Rhizobiales_bacterium_URHD0078.,2,0.788608981,0.0079,12
Prokaryota.Bacteria.Planctomycetes.Planctomycetia.Planctomycetales.NA..Nostocoida_limicola_III.,1,0.857227841,0.0015,16,,NA.NA.NA.NA..NA...3,2,0.787800673,0.0263,17
Prokaryota.Bacteria.Bacteroidetes.Chitinophagia.Chitinophagales.Chitinophagaceae.Segetibacter.Segetibacter_koreensis.,1,0.854416334,4.00E-04,16,,Prokaryota.Bacteria.Proteobacteria.Alphaproteobacteria.Rhizobiales.Bradyrhizobiaceae.Bradyrhizobium.,2,0.786641929,0.003,11
Eukaryota.Protozoa.Choanozoa.NA.Euglyphida.Paulinellidae.Paulinella.Paulinella_chromatophora,1,0.853947368,0.0097,14,,Eukaryota.Fungi.Basidiomycota.Tremellomycetes.Filobasidiales.Piskurozymaceae.Solicoccozyma.Solicoccozyma_terricola.,2,0.785684071,0.0152,16
Eukaryota.Fungi.Ascomycota.Eurotiomycetes.Onygenales.Gymnoascaceae.NA.,1,0.85141112,0.0014,10,,Eukaryota.Protozoa.Choanozoa.NA.Euglyphida.Sphenoderiidae.Trachelocorythion.Trachelocorythion_pulchellum,2,0.785634119,0.0063,14
Eukaryota.Chromista.Ciliophora.Colpodea.Colpodida.Colpodidae.Colpoda.Colpoda_maupasi,1,0.851190476,0.0016,9,,Eukaryota.Chromista.Ochrophyta.Chrysophyceae.Chromulinales.Chromulinaceae.Spumella.,2,0.783777626,0.0258,16
Eukaryota.Chromista.Ciliophora.Spirotrichea.Sporadotrichida.Oxytrichidae.Oxytricha.,1,0.850666667,0.0012,11,,Eukaryota.Fungi.Ascomycota.Sordariomycetes.Hypocreales.Hypocreaceae.Trichoderma.Trichoderma_gamsii.,2,0.783740114,0.0175,10
Prokaryota.Bacteria.Bacteroidetes.Saprospiria.Saprospirales.Saprospiraceae.NA.Saprospiraceae_bacterium_enrichment_culture_clone_Lt.H9.,1,0.850265018,0.0011,8,,Eukaryota.Chromista.Ochrophyta.Chrysophyceae.NA.NA.NA.unidentified_beta_proteobacterium_ps6.,2,0.782702186,0.0026,10
Prokaryota.Bacteria.Actinobacteria.Actinobacteria.Micrococcales.Intrasporangiaceae.Phycicoccus..,1,0.849264706,5.00E-04,9,,Eukaryota.Chromista.Cercozoa.NA.Cercomonadida.Cercomonadidae.Eocercomonas.Eocercomonas_exploratorii,2,0.779220779,0.0037,10
Prokaryota.Bacteria.Proteobacteria.Deltaproteobacteria.Myxococcales.Anaeromyxobacteraceae.Anaeromyxobacter.Anaeromyxobacter_dehalogenans.,1,0.848893686,0.0052,17,,Prokaryota.Bacteria.Firmicutes.Bacilli.Bacillales.Bacillaceae.Bacillus..,2,0.778534241,0.0043,10
Eukaryota.Chromista.Cercozoa.NA.Cercomonadida.Cercomonadidae.Eocercomonas.Eocercomonas_tribula,1,0.848551637,7.00E-04,8,,Eukaryota.Chromista.Ochrophyta.Chrysophyceae.NA..NA...15.x,2,0.777926227,0.0132,11
Eukaryota.Fungi.Ascomycota.Taphrinomycetes.Taphrinales.Taphrinaceae.Taphrina.Taphrina_pruni,1,0.84760274,0.0011,9,,Prokaryota.Bacteria.Bacteroidetes.Sphingobacteriia.Sphingobacteriales.Sphingobacteriaceae.Solitalea.Solitalea_koreensis.,2,0.777580314,0.0108,11
Eukaryota.Chromista.Ochrophyta.Chrysophyceae.NA.NA.NA.Olavius_algarvensis_Gamma_3_endosymbiont.,1,0.847568004,0.0187,13,,Eukaryota.Chromista.Ochrophyta.Chrysophyceae.NA.Nucleariidae.Nuclearia.,2,0.777085928,0.0042,11
Prokaryota.Bacteria.Bacteroidetes.Chitinophagia.Chitinophagales.Chitinophagaceae.NA.Chitinophagaceae_bacterium_HU1.GB11.,1,0.845021413,9.00E-04,9,,Prokaryota.Bacteria.Bacteroidetes.Chitinophagia.Chitinophagales.Chitinophagaceae.Taibaiella..,2,0.775757576,0.006,13
Eukaryota.Fungi.Basidiomycota.Agaricomycetes.Agaricales.Pleurotaceae.Pleurotus..,1,0.84164284,0.0055,10,,Prokaryota.Bacteria.Firmicutes.Clostridia.Clostridiales.NA...,2,0.77552779,0.0036,11
Eukaryota.Fungi.Ascomycota.Dothideomycetes.Pleosporales.Didymellaceae.Neoascochyta.Neoascochyta_exitialis,1,0.838692946,0.0012,8,,Eukaryota.Chromista.Ciliophora.Colpodea.Bryometopida.Bryometopidae.Bryometopus.Bryometopus_sphagni,2,0.772403588,0.0177,12
Eukaryota.Chromista.Ochrophyta.Chrysophyceae.NA.NA.NA.Alphaproteobacteria_bacterium_IP.45A.,1,0.836956522,9.00E-04,9,,Prokaryota.Bacteria.Planctomycetes.Planctomycetia.Planctomycetales.NA.NA.Planctomycete_enrichment_culture_clone_Ac.C5.,2,0.770053476,0.0105,12
Eukaryota.Fungi.Basidiomycota.Agaricomycetes.Agaricales.Hygrophoraceae.Hygrocybe..,1,0.836861521,0.0046,9,,Eukaryota.Chromista.Ochrophyta.Chrysophyceae.NA.NA.NA.bacterium_Ellin507.,2,0.768191094,0.0071,15
Prokaryota.Bacteria.Actinobacteria.Actinobacteria.Frankiales.NA.NA.Frankiales_bacterium.,1,0.836603376,0.0027,10,,Prokaryota.Bacteria.Actinobacteria.Actinobacteria.Propionibacteriales.Nocardioidaceae.Kribbella..,2,0.767520768,0.0184,16
Eukaryota.Chromista.Ochrophyta.Chrysophyceae.NA.NA.NA.Alphaproteobacteria_bacterium_SJ.64A.,1,0.834537572,0.0012,9,,Prokaryota.Bacteria.Planctomycetes.Planctomycetia.Planctomycetales.Planctomycetaceae.Planctomyces.Planctomyces_sp.,2,0.765550239,0.0028,11
Eukaryota.Chromista.Ochrophyta.Chrysophyceae.NA.NA.NA.Alphaproteobacteria_bacterium_SJR.4G.,1,0.833998404,4.00E-04,14,,Prokaryota.Bacteria.Actinobacteria.Actinobacteria.Kineosporiales.Kineosporiaceae.Kineosporia..,2,0.763855862,0.0048,11
NA.NA.NA.NA..NA.Tetracladium.,1,0.833425699,0.0031,17,,Prokaryota.Bacteria.Firmicutes.Bacilli.Bacillales.Paenibacillaceae.Paenibacillus.Paenibacillus_sp_27.9.,2,0.761195573,0.0091,11
Prokaryota.Bacteria.Proteobacteria.Alphaproteobacteria.Caulobacterales.Caulobacteraceae.Phenylobacterium.Phenylobacterium_sp_enrichment_culture.,1,0.831790123,0.0015,10,,Prokaryota.Bacteria.Proteobacteria.Alphaproteobacteria.Rhizobiales.Methylobacteriaceae.Methylobacterium..,2,0.759197975,0.0246,14
Prokaryota.Bacteria.Proteobacteria.Alphaproteobacteria.Caulobacterales.Caulobacteraceae.Caulobacter.Caulobacter_sp_WW137.,1,0.831043956,0.0017,10,,Eukaryota.Chromista.Ochrophyta.Chrysophyceae.NA.NA.NA.Spumella.like_flagellate_JBM28,2,0.758579169,0.0035,10
Prokaryota.Bacteria.Proteobacteria.Alphaproteobacteria.Sphingomonadales.Erythrobacteraceae.Altererythrobacter.Altererythrobacter_sp_AMV9,1,0.828642384,9.00E-04,9,,Prokaryota.Bacteria.Proteobacteria.Alphaproteobacteria.Caulobacterales.Caulobacteraceae.Phenylobacterium.Phenylobacterium_sp.,2,0.758048188,0.0171,12
Eukaryota.Plantae.Streptophyta.Polytrichopsida.Polytrichales.Polytrichaceae.NA.,1,0.827189291,0.001,9,,Eukaryota.Chromista.Ochrophyta.Chrysophyceae.NA..NA...15.y,2,0.748834499,0.0163,18
Prokaryota.Bacteria.Planctomycetes.Planctomycetia.Planctomycetales.Gemmataceae.Gemmata.Gemmata_sp_Br1.2.,1,0.82566586,0.006,16,,Prokaryota.Bacteria.Planctomycetes.Planctomycetia.Planctomycetales.NA.NA.metal.contaminated_soil_clone_K20.75.,2,0.746866446,0.0117,12
Prokaryota.Bacteria.Actinobacteria.Actinobacteria.Propionibacteriales.Propionibacteriaceae.Aestuariimicrobium.Aestuariimicrobium_kwangyangense.,1,0.823655257,0.0011,9,,Prokaryota.Bacteria.Gemmatimonadetes.Gemmatimonadetes.Gemmatimonadales.Gemmatimonadaceae.Gemmatimonas.Gemmatimonas_sp_URHD0086.,2,0.746563781,0.0082,12
Prokaryota.Bacteria.Proteobacteria.Deltaproteobacteria.Myxococcales.Polyangiaceae.Aetherobacter.Aetherobacter_sp_SBSr008.,1,0.823655257,0.003,9,,Eukaryota.Chromista.Ochrophyta.Chrysophyceae.NA..NA..26,2,0.746181818,0.0096,10
Prokaryota.Bacteria.Bacteroidetes.Cytophagia.Cytophagales.Hymenobacteraceae.Hymenobacter.Hymenobacter_sp_9PNM.21.,1,0.819444444,0.0206,13,,Eukaryota.Fungi.Zygomycota.NA.Mortierellales.Mortierellaceae.NA.,2,0.744271521,0.0109,10
Eukaryota.Chromista.Ochrophyta.Chrysophyceae.NA.NA.NA.unidentified_eubacterium_EA25.,1,0.81933439,0.001,15,,Prokaryota.Bacteria.Actinobacteria.Actinobacteria.Micromonosporales.Micromonosporaceae.NA..,2,0.744209215,0.0083,10
Prokaryota.Bacteria.Proteobacteria.Alphaproteobacteria.Caulobacterales.Caulobacteraceae.Phenylobacterium.Phenylobacterium_hankyongense.,1,0.815677966,0.001,8,,Eukaryota.Chromista.Ochrophyta.Chrysophyceae.NA..Stenotrophobacter.Stenotrophobacter_terrae.,2,0.744202451,0.0304,13
Eukaryota.Fungi.Ascomycota.Lecanoromycetes.Lecanorales.Parmeliaceae.Imshaugia.Imshaugia_aleurites.,1,0.814423077,0.0013,8,,Prokaryota.Bacteria.Bacteroidetes.Chitinophagia.Chitinophagales.Chitinophagaceae.Flavitalea.Flavitalea_sp.,2,0.741694566,0.0277,12
Eukaryota.Plantae.Rhodophyta.Bangiophyceae.Cyanidiales.Cyanidiaceae.Cyanidioschyzon.Cyanidioschyzon_sp_Y16,1,0.811746988,0.0248,13,,Prokaryota.Bacteria.Planctomycetes.Planctomycetia.Planctomycetales.Planctomycetaceae.NA.planctomycete_WWH14.,2,0.739599384,0.0241,17
Prokaryota.Bacteria.Cyanobacteria.NA.Oscillatoriales.Oscillatoriaceae.Oscillatoria.Oscillatoria_tenuis.,1,0.809579439,6.00E-04,8,,Prokaryota.Bacteria.Actinobacteria.Actinobacteria.Propionibacteriales.Nocardioidaceae.NA..,2,0.736851801,0.0139,14
Prokaryota.Bacteria.Actinobacteria.Actinobacteria.Micrococcales.Intrasporangiaceae.NA..,1,0.804878049,0.0024,12,,Prokaryota.Bacteria.Actinobacteria.Actinobacteria.Micromonosporales.Micromonosporaceae.Actinoplanes..,2,0.736114949,0.0136,12
Eukaryota.Chromista.Ochrophyta.Chrysophyceae.NA..Leohumicola.Leohumicola_verrucosa.,1,0.804342723,0.0216,13,,Eukaryota.Chromista.Cercozoa.NA.Cercomonadida.Cercomonadidae.Eocercomonas.,2,0.734124556,0.0087,12
Eukaryota.Chromista.Ochrophyta.Chrysophyceae.NA.NA.NA.alpha_proteobacterium_CN37.,1,0.8,0.0053,15,,Eukaryota.Chromista.Ochrophyta.Chrysophyceae.NA..NA..10,2,0.729888816,0.046,11
Eukaryota.Chromista.Ciliophora.Oligohymenophorea.Pleuronematida.Cyclidiidae.NA.,1,0.796052632,0.0024,9,,Eukaryota.Animalia.Arthropoda.Insecta.Hemiptera.NA...,2,0.727272727,0.0035,8
Eukaryota.Chromista.Ochrophyta.Chrysophyceae.NA.Pyrinomonadaceae.Brevitalea.Brevitalea_deliciosa.,1,0.795553284,0.0124,15,,Eukaryota.Chromista.Ochrophyta.Chrysophyceae.NA.Pyrinomonadaceae.Brevitalea..,2,0.727272727,0.0034,8
Prokaryota.Bacteria.Actinobacteria.Actinobacteria.Streptosporangiales.Thermomonosporaceae.Thermomonospora.Thermomonospora_chromogena.,1,0.793814433,0.0013,9,,Prokaryota.Bacteria.Bacteroidetes.Chitinophagia.Chitinophagales.Chitinophagaceae.Chitinophaga.Chitinophaga_pinensis.,2,0.727272727,0.0025,8
Prokaryota.Bacteria.Verrucomicrobia.Verrucomicrobiae.Verrucomicrobiales.Verrucomicrobia_subdivision_3.NA.unidentified_eubacterium_RB01.,1,0.78498308,0.0163,14,,Prokaryota.Bacteria.Chloroflexi.Anaerolineae.Anaerolineales.Anaerolineaceae.Longilinea.Longilinea_arvoryzae.,2,0.727272727,0.0038,8
Eukaryota.Chromista.Ochrophyta.Chrysophyceae.NA..NA...8,1,0.780645161,0.004,12,,Prokaryota.Bacteria.Firmicutes.Bacilli.Bacillales.Bacillaceae.NA..,2,0.727272727,0.002,8
Eukaryota.Chromista.Ciliophora.Colpodea.Cyrtolophosidida.NA..,1,0.777638576,0.048,16,,Prokaryota.Bacteria.Planctomycetes.Planctomycetia.Planctomycetales.NA.NA.Planctomycetales_bacterium_Ellin7244.,2,0.727272727,0.0022,8
Prokaryota.Bacteria.Verrucomicrobia.Opitutae.Opitutales.Opitutaceae.Opitutus.Opitutus_sp_enrichment_culture_clone_Ac.D3.,1,0.774159664,0.0047,10,,Prokaryota.Bacteria.Proteobacteria.Gammaproteobacteria.Xanthomonadales.Xanthomonadaceae.Arenimonas..,2,0.727272727,0.0019,8
Prokaryota.Bacteria.Proteobacteria.Alphaproteobacteria.Rhodospirillales.Rhodospirillaceae.NA..,1,0.772444444,0.0031,15,,Eukaryota.Chromista.Ciliophora.Litostomatea.Haptorida.Spathidiidae.NA.,2,0.727272727,0.005,8
Eukaryota.Protozoa.Choanozoa.NA.Euglyphida.Trinematidae.Trinema.,1,0.771704378,0.0076,10,,Eukaryota.Chromista.Ciliophora.Oligohymenophorea.Philasterida.NA..,2,0.727272727,0.004,8
Eukaryota.Protozoa.Amoebozoa.NA.Longamoebia.Acanthamoebidae.Acanthamoeba.Acanthamoeba_lenticulata,1,0.762096774,0.0141,12,,Eukaryota.Chromista.Ciliophora.Phyllopharyngea.Chlamydodontida.Chilodonellidae.NA.,2,0.727272727,0.0117,8
Eukaryota.Chromista.Ciliophora.Spirotrichea.Sporadotrichida.Gonostomatidae.Gonostomum.Gonostomum_strenuum,1,0.761538462,0.0157,13,,Eukaryota.Chromista.Ciliophora.Spirotrichea.Urostylida.Holostichidae.Anteholosticha.,2,0.727272727,0.0033,8
Prokaryota.Bacteria.Actinobacteria.Actinobacteria.Pseudonocardiales.Pseudonocardiaceae.Amycolatopsis..,1,0.758262512,0.0236,15,,Eukaryota.Chromista.Ochrophyta.Chrysophyceae.Chromulinales.Chromulinaceae.Ochromonas.Ochromonas_sp_CCMP2761,2,0.727272727,0.0028,8
Prokaryota.Bacteria.Bacteroidetes.Cytophagia.Cytophagales.Catalimonadaceae.Tunicatimonas.Tunicatimonas_pelagia.,1,0.755546075,0.0021,8,,Eukaryota.Chromista.Ochrophyta.Chrysophyceae.NA..NA..25,2,0.727272727,0.0023,8
Eukaryota.Fungi.Ascomycota.Sordariomycetes.Glomerellales.Plectosphaerellaceae.Verticillium..,1,0.75,0.002,6,,Eukaryota.Chromista.Pseudofungi.Oomycetes.Pythiales.Pythiaceae.Pythium.,2,0.727272727,0.0059,8
Eukaryota.Chromista.Ochrophyta.Chrysophyceae.NA.NA.NA.delta_proteobacterium_SCGC_AAA240.E03.,1,0.75,0.0012,6,,Eukaryota.Fungi.Ascomycota.Dothideomycetes.Capnodiales.NA..,2,0.727272727,0.0036,8
Prokaryota.Bacteria.Chloroflexi.Anaerolineae.Anaerolineales.Anaerolineaceae.Bellilinea.Bellilinea_caldifistulae.,1,0.75,0.0017,6,,Eukaryota.Fungi.Ascomycota.Dothideomycetes.Venturiales.Sympoventuriaceae.NA.,2,0.727272727,0.0045,8
Prokaryota.Bacteria.Firmicutes.Clostridia.Clostridiales.Ruminococcaceae.Ruminococcus.Ruminococcus_sp.,1,0.75,0.0018,6,,Eukaryota.Fungi.Basidiomycota.Agaricomycetes.Agaricales.Mycenaceae.Mycena.Mycena_sp,2,0.727272727,0.0131,8
Eukaryota.Chromista.Cercozoa.NA.Cercomonadida.Cercomonadidae.Cercomonas.Cercomonas_radiata,1,0.75,0.0015,6,,Eukaryota.Fungi.Basidiomycota.Agaricomycetes.Agaricales.Inocybaceae.Inocybe.Inocybe_geophylla,2,0.725873392,0.0461,9
Eukaryota.Chromista.Ochrophyta.Chrysophyceae.NA..NA..34,1,0.75,0.0011,6,,Eukaryota.Fungi.Basidiomycota.Agaricomycetes.Thelephorales.Thelephoraceae.Pseudotomentella.Pseudotomentella_tristis.,2,0.724673999,0.0214,9
Eukaryota.Fungi.Ascomycota.Dothideomycetes.Pleosporales.Delitschiaceae.Delitschia.Delitschia_didyma,1,0.75,0.0015,6,,Prokaryota.Bacteria.Acidobacteria.Holophagae.Holophagales.Holophagaceae.Holophaga.Holophaga_sp_WY42.,2,0.72392124,0.0492,14
Eukaryota.Fungi.Ascomycota.Leotiomycetes.Helotiales.NA.NA.Helotiales_sp,1,0.75,0.0015,6,,Prokaryota.Bacteria.Proteobacteria.Alphaproteobacteria.Sphingomonadales.Sphingomonadaceae.NA.,2,0.722871682,0.0187,13
Eukaryota.Fungi.Ascomycota.Pezizomycetes.Pezizales.Karstenellaceae.Karstenella.Karstenella_vernalis,1,0.75,0.0018,6,,Eukaryota.Fungi.Glomeromycota.Glomeromycetes.Glomerales.Glomeraceae.Funneliformis.Funneliformis_coronatum,2,0.722714323,0.0171,9
Eukaryota.Fungi.Basidiomycota.Agaricomycetes.Agaricales.Mycenaceae.Mycena.Mycena_galericulata,1,0.748490693,0.0104,7,,Eukaryota.Fungi.Ascomycota.Pezizomycetes.Pezizales.Helvellaceae.Helvella.,2,0.721333603,0.0118,9
Eukaryota.Plantae.Chlorophyta.Trebouxiophyceae.Microthamniales.NA..,1,0.748431373,0.0041,7,,Eukaryota.Fungi.Ascomycota.Sordariomycetes.Sordariales.Lasiosphaeriaceae.Apodus.Apodus_deciduus.,2,0.720928556,0.0461,10
Prokaryota.Bacteria.Acidobacteria.Acidobacteriia.Acidobacteriales.Acidobacteriaceae.Terriglobus.Terriglobus_roseus.,1,0.746519722,0.0015,7,,Eukaryota.Protozoa.Amoebozoa.NA.Himatismenida.Cochliopodiidae.Cochliopodium..,2,0.720865038,0.0188,11
Eukaryota.Chromista.Ochrophyta.Chrysophyceae.NA.Philodinidae.Macrotrachela.Macrotrachela_quadricornifera.,1,0.746436349,0.0028,7,,Prokaryota.Bacteria.Actinobacteria.Acidimicrobiia.Acidimicrobiales.Iamiaceae.Iamia.Iamia_majanohamensis.,2,0.719280719,0.0085,10
Eukaryota.Fungi.Basidiomycota.Agaricomycetes.Agaricales.Strophariaceae.NA.,1,0.745819544,0.0044,8,,Prokaryota.Bacteria.Proteobacteria.Alphaproteobacteria.Rhizobiales.Hyphomicrobiaceae.NA..,2,0.716447287,0.0062,9
Eukaryota.Animalia.Arthropoda.Insecta.Orthoptera.Rhaphidophoridae.NA.,1,0.744282084,0.0043,7,,Prokaryota.Bacteria.Proteobacteria.Alphaproteobacteria.Rhizobiales.Bradyrhizobiaceae.Bradyrhizobium.Bradyrhizobium_sp_URHA0024.,2,0.713644107,0.0061,9
Prokaryota.Bacteria.Proteobacteria.Betaproteobacteria.Burkholderiales.Alcaligenaceae.Derxia.Derxia_lacustris.,1,0.743426459,0.0057,9,,Prokaryota.Bacteria.Proteobacteria.Alphaproteobacteria.Rhizobiales.Phyllobacteriaceae.Mesorhizobium..,2,0.706677393,0.0259,12
Prokaryota.Bacteria.Planctomycetes.Planctomycetia.Planctomycetales.Planctomycetaceae.NA.planctomycete_DDSe3021.,1,0.742586751,0.0339,17,,Eukaryota.Chromista.Ochrophyta.Chrysophyceae.NA..NA...7,2,0.706148623,0.0104,10
Prokaryota.Bacteria.Proteobacteria.Deltaproteobacteria.Myxococcales.Kofleriaceae.Haliangium..,1,0.741763898,0.0042,8,,Eukaryota.Chromista.Cercozoa.NA.Glissomonadida.NA..,2,0.705689775,0.0494,14
Eukaryota.Fungi.Ascomycota.Leotiomycetes.Helotiales.Rutstroemiaceae.Lambertella.,1,0.740680336,0.0045,7,,Prokaryota.Bacteria.Proteobacteria.Alphaproteobacteria.Sphingomonadales.Sphingomonadaceae.NA.Sphingomonadaceae_bacterium_Gsoil_690.,2,0.704257768,0.0164,11
Eukaryota.Plantae.Streptophyta.Zygnemophyceae.Zygnematales.Mesotaeniaceae.Ancylonema.Ancylonema_nordenskioeldii,1,0.739247312,0.0029,7,,Eukaryota.Fungi.Basidiomycota.Agaricomycetes.Thelephorales.Thelephoraceae.Tomentella.Tomentella_sp_AFTOL.ID_1016,2,0.701214095,0.0101,9
Prokaryota.Bacteria.Actinobacteria.Actinobacteria.Corynebacteriales.Nocardiaceae.Rhodococcus..,1,0.73880597,0.0027,7,,Eukaryota.Chromista.Ochrophyta.Chrysophyceae.NA.NA.NA.Planctomycetia_bacterium_WSF3.27.,2,0.700688346,0.0146,10
Prokaryota.Bacteria.Bacteroidetes.Cytophagia.Cytophagales.Flammeovirgaceae.Fulvivirga.Fulvivirga_lutimaris.,1,0.736270023,0.0032,7,,Eukaryota.Fungi.Basidiomycota.Agaricomycetes.Agaricales.NA....2,2,0.699458022,0.0475,10
Eukaryota.Protozoa.Choanozoa.NA.Choanoflagellida.Acanthoecidae.Acanthoeca.,1,0.735282093,0.0031,7,,Prokaryota.Bacteria.Actinobacteria.Actinobacteria.Micromonosporales.Micromonosporaceae.Dactylosporangium..,2,0.693230174,0.0079,9
NA.NA.NA.NA..NA....9,1,0.735148515,0.0025,7,,Prokaryota.Bacteria.Proteobacteria.Deltaproteobacteria.Myxococcales.NA.NA.Sorangiineae_bacterium_706.,2,0.68786386,0.0064,9
Eukaryota.Chromista.Cercozoa.NA.Vampyrellida.Leptophryidae.NA.Leptophryidae_sp_BAra1,1,0.73487395,0.0071,9,,Eukaryota.Animalia.Rotifera.Monogononta.Flosculariacea.NA..,2,0.687071722,0.0189,10
Eukaryota.Fungi.Basidiomycota.Agaricomycetes.Agaricales.Pluteaceae.Pluteus.Pluteus_cervinus.,1,0.734251969,0.0086,8,,Eukaryota.Chromista.Cercozoa.NA.Thaumatomonadida.Thaumatomastigidae.Protaspis.,2,0.686247086,0.0074,9
Eukaryota.Fungi.Ascomycota.Dothideomycetes.Pleosporales.Teichosporaceae.Teichospora.Teichospora_grandicipis,1,0.733914209,0.0032,7,,Eukaryota.Protozoa.Choanozoa.NA.Euglyphida.Trinematidae.Trinema.Trinema_lineare,2,0.685298212,0.0257,12
Eukaryota.Chromista.Ochrophyta.Chrysophyceae.NA.NA.NA.actinobacterium_enrichment_culture_clone_CTBE_CDB1001A04.,1,0.733666062,0.0099,9,,Eukaryota.Protozoa.Amoebozoa.NA.Stemonitida.Stemonitidae.Lamproderma.Lamproderma_sp_SAPA.100012,2,0.683364934,0.0159,10
Prokaryota.Bacteria.Bacteroidetes.Chitinophagia.Chitinophagales.Chitinophagaceae.Flaviaesturariibacter.Flaviaesturariibacter_sp.,1,0.732808023,0.0061,7,,Prokaryota.Bacteria.Proteobacteria.Alphaproteobacteria.Rhizobiales.Methylobacteriaceae.NA..,2,0.68257999,0.0307,10
Prokaryota.Bacteria.Chloroflexi.Anaerolineae.Anaerolineales.Anaerolineaceae.Levilinea.Levilinea_saccharolytica.,1,0.732808023,0.0014,7,,Eukaryota.Chromista.Ochrophyta.Chrysophyceae.NA..NA...2,2,0.680489102,0.0128,9
Eukaryota.Chromista.Ochrophyta.Chrysophyceae.NA.Pseudeurotiaceae.Pseudogymnoascus.,1,0.732248521,0.0296,11,,Eukaryota.Fungi.Ascomycota.Eurotiomycetes.Chaetothyriales.NA....x,2,0.679331888,0.0237,12
Prokaryota.Bacteria.Firmicutes.Bacilli.Bacillales.Alicyclobacillaceae.Tumebacillus.Tumebacillus_algifaecis.,1,0.731651376,0.0018,7,,Eukaryota.Fungi.Ascomycota.Leotiomycetes.Helotiales.NA....x,2,0.677820163,0.0494,16
Eukaryota.Chromista.Cercozoa.NA.Glissomonadida.NA.Proleptomonas.Proleptomonas_faecicola,1,0.731651376,0.0048,7,,Prokaryota.Bacteria.Chloroflexi.Anaerolineae.Anaerolineales.Anaerolineaceae.Brevefilum.Brevefilum_fermentans.,2,0.674292595,0.0164,10
Eukaryota.Chromista.Ciliophora.Spirotrichea.Sporadotrichida.Halteriidae.Halteria.Halteria_sp_bBoG1,1,0.728632479,0.0072,8,,Eukaryota.Chromista.Ochrophyta.Chrysophyceae.NA.NA.NA.alpha_proteobacterium_A0839.,2,0.671328671,0.0096,9
Eukaryota.Chromista.Ochrophyta.Chrysophyceae.NA.Gloniaceae.Cenococcum.Cenococcum_geophilum.,1,0.727990285,0.012,11,,Eukaryota.Chromista.Ciliophora.Oligohymenophorea.Philasterida.Uronematidae.Homalogastra.Homalogastra_setosa,2,0.668593021,0.0323,10
Eukaryota.Chromista.Ciliophora.Colpodea.Colpodida.Marynidae.Maryna.Maryna_umbrellata,1,0.727485929,0.0042,7,,Prokaryota.Bacteria.Verrucomicrobia.Verrucomicrobiae.Verrucomicrobiales.Verrucomicrobia_subdivision_3.NA.bacterium_Ellin5102.,2,0.668013468,0.0109,9
Prokaryota.Bacteria.Bacteroidetes.Sphingobacteriia.Sphingobacteriales.Sphingobacteriaceae.Mucilaginibacter.Mucilaginibacter_gracilis.,1,0.724895397,0.0036,7,,Prokaryota.Bacteria.Proteobacteria.Betaproteobacteria.Burkholderiales.NA.NA.Burkholderiales_bacterium_PDD.69b.30.,2,0.666204025,0.0165,10
Eukaryota.Fungi.Ascomycota.Leotiomycetes.NA.Pseudeurotiaceae.Pseudogymnoascus...1,1,0.721995333,0.0117,9,,Eukaryota.Chromista.Ochrophyta.Chrysophyceae.NA.Chrysozymaceae.NA.,2,0.665734266,0.0094,9
Prokaryota.Bacteria.Proteobacteria.Alphaproteobacteria.Rhodospirillales.Rhodospirillaceae.NA.,1,0.721631206,0.0035,7,,Prokaryota.Bacteria.Armatimonadetes.Armatimonadia.Armatimonadales.Armatimonadaceae.Armatimonas.Armatimonas_rosea.,2,0.665639445,0.0145,10
Prokaryota.Bacteria.Planctomycetes.Planctomycetia.Planctomycetales.Gemmataceae.Gemmata.Gemmata_sp_Wa1.6.,1,0.720873786,0.0053,8,,Eukaryota.Chromista.Cercozoa.NA.Cercomonadida.Cercomonadidae.Cercomonas.Cercomonas_braziliensis,2,0.662232077,0.0371,11
Eukaryota.Chromista.Ochrophyta.Chrysophyceae.NA.NA.Cardiosporidium.Cardiosporidium_cionae,1,0.720814978,0.0035,8,,Prokaryota.Bacteria.Chloroflexi.Anaerolineae.Anaerolineales.Anaerolineaceae.Thermanaerothrix.Thermanaerothrix_daxensis.,2,0.654677446,0.0422,11
Eukaryota.Fungi.Basidiomycota.Tremellomycetes.Filobasidiales.Filobasidiaceae.NA.,1,0.717776584,0.0117,8,,Prokaryota.Bacteria.Proteobacteria.Alphaproteobacteria.Caulobacterales.Caulobacteraceae.Caulobacter..,2,0.650595411,0.0155,9
Eukaryota.Chromista.Ochrophyta.Chrysophyceae.NA.NA.NA.uncultivated_soil_bacterium_clone_C019.,1,0.71742835,0.0139,17,,Prokaryota.Bacteria.Proteobacteria.Alphaproteobacteria.Rhizobiales.NA..,2,0.648370497,0.0414,12
Prokaryota.Bacteria.Proteobacteria.Betaproteobacteria.Burkholderiales.Comamonadaceae.Ramlibacter..,1,0.715263518,0.0303,18,,Eukaryota.Chromista.Ochrophyta.Chrysophyceae.NA.NA.NA.gamma_proteobacterium_SCGC_AAA007.P21.,2,0.644227745,0.0264,10
Eukaryota.Chromista.Ciliophora.Spirotrichea.Sporadotrichida.Oxytrichidae.Rigidohymena.Rigidohymena_candens,1,0.714047936,0.0043,7,,Prokaryota.Bacteria.Proteobacteria.Deltaproteobacteria.Desulfuromonadales.Desulfuromonadaceae.Pelobacter.Pelobacter_carbinolicus.,2,0.641863475,0.0124,9
Eukaryota.Protozoa.Choanozoa.NA.Choanoflagellida.Stephanoecidae.Didymoeca.Didymoeca_costata,1,0.713782696,0.0108,8,,Eukaryota.Fungi.Ascomycota.Dothideomycetes.Capnodiales.Mycosphaerellaceae.Zasmidium.Zasmidium_cellare.,2,0.636363636,0.0111,7
Eukaryota.Fungi.Ascomycota.Sordariomycetes.Hypocreales.Nectriaceae.NA...y,1,0.710583942,0.0048,8,,Prokaryota.Bacteria.Proteobacteria.Alphaproteobacteria.Rhodospirillales.Acetobacteraceae.Rhodopila.Rhodopila_globiformis.,2,0.636363636,0.0132,7
Prokaryota.Bacteria.Proteobacteria.Alphaproteobacteria.Rhizobiales.Methylobacteriaceae.Neomegalonema.Neomegalonema_perideroedes.,1,0.71057047,0.0092,10,,Prokaryota.Bacteria.Proteobacteria.Deltaproteobacteria.Desulfobacterales.Desulfobacteraceae.NA..,2,0.636363636,0.0103,7
Eukaryota.Chromista.Ochrophyta.Chrysophyceae.NA.NA.NA.unidentified_beta_proteobacterium_OPB37.,1,0.706973116,0.0467,12,,Eukaryota.Fungi.Ascomycota.Dothideomycetes.Capnodiales.Cladosporiaceae.Cladosporium.,2,0.636363636,0.0103,7
Prokaryota.Bacteria.Bacteroidetes.Chitinophagia.Chitinophagales.Chitinophagaceae.Ferruginibacter.Ferruginibacter_lapsinanis.,1,0.704268293,0.0109,10,,Eukaryota.Fungi.Ascomycota.Dothideomycetes.Venturiales.Sympoventuriaceae.Ochroconis.,2,0.636363636,0.0152,7
Prokaryota.Bacteria.Firmicutes.Bacilli.Bacillales.Bacillaceae.Bacillus.Bacillus_sp_DV9.6.,1,0.704268293,0.0062,9,,Eukaryota.Fungi.Ascomycota.Leotiomycetes.Helotiales.NA.Chalara.Chalara_sessilis,2,0.636363636,0.0105,7
Prokaryota.Bacteria.Proteobacteria.Alphaproteobacteria.Rhizobiales.NA.Bauldia.Bauldia_litoralis.,1,0.703488372,0.0047,7,,Eukaryota.Fungi.Basidiomycota.Tremellomycetes.Cystofilobasidiales.Mrakiaceae.Krasilnikovozyma.Krasilnikovozyma_huempii,2,0.636363636,0.0106,7
Eukaryota.Chromista.Ochrophyta.Chrysophyceae.NA.Vannellidae.Platyamoeba.Platyamoeba_sp_strain_DB282,1,0.703488372,0.0046,8,,Eukaryota.Fungi.Glomeromycota.Glomeromycetes.Glomerales.Glomeraceae.Rhizophagus.Rhizophagus_irregularis,2,0.636363636,0.0088,7
Eukaryota.Chromista.Ochrophyta.Chrysophyceae.NA.NA.NA.bacterium_Ellin5299.,1,0.701417004,0.003,8,,Eukaryota.Fungi.Zygomycota.NA.Umbelopsidales.Umbelopsidaceae.Umbelopsis.Umbelopsis_ramanniana,2,0.636363636,0.0094,7
Prokaryota.Bacteria.Proteobacteria.Alphaproteobacteria.Sphingomonadales.NA..,1,0.701098901,0.0385,15,,Eukaryota.Plantae.Streptophyta.Zygnemophyceae.Desmidiales.Gonatozygaceae.Gonatozygon.Gonatozygon_brebissonii,2,0.636363636,0.0085,7
Eukaryota.Chromista.Cercozoa.NA.Cercomonadida.Heteromitidae.Heteromita.Heteromita_sp_HFCC_924,1,0.700980392,0.0038,7,,Eukaryota.Protozoa.Amoebozoa.NA.Leptomyxida.Flabellulidae.Flabellula.Flabellula_sp_AK.2016a,2,0.636363636,0.0129,7
Eukaryota.Chromista.Ochrophyta.Chrysophyceae.NA.Echinamoebidae.Filamoeba.,1,0.699561404,0.0155,10,,NA.NA.NA.NA..NA...2,2,0.636363636,0.0089,7
NA.NA.NA.NA..NA....3,1,0.699152542,0.0127,9,,Eukaryota.Fungi.Ascomycota.Pezizomycetes.Pezizales.Pyronemataceae.Geopora.Geopora_cooperi,2,0.631354333,0.0251,8
Prokaryota.Bacteria.Chloroflexi.Chloroflexia.Chloroflexales.Chloroflexaceae.NA.Chloroflexaceae_bacterium_sp.jj.1.,1,0.696666667,0.0047,7,,Prokaryota.Bacteria.Bacteroidetes.Chitinophagia.Chitinophagales.Chitinophagaceae.Segetibacter.Segetibacter_aerophilus.,2,0.62699282,0.0215,8
Prokaryota.Bacteria.Actinobacteria.Acidimicrobiia.Acidimicrobiales.Acidimicrobiaceae.Ilumatobacter.Ilumatobacter_fluminis.,1,0.690239044,0.0267,9,,Eukaryota.Animalia.Arthropoda.Insecta.Hemiptera.NA.NA.NA.,2,0.625805567,0.0267,8
Prokaryota.Bacteria.Bacteroidetes.Sphingobacteriia.Sphingobacteriales.Sphingobacteriaceae.Pedobacter.Pedobacter_sp_AR.382.,1,0.689799331,0.0304,10,,Eukaryota.Chromista.Cercozoa.NA.Cryomonadida.Rhogostomidae.NA.,2,0.616190726,0.0455,9
Prokaryota.Bacteria.Verrucomicrobia.Opitutae.Opitutales.Opitutaceae.NA..,1,0.687098657,0.035,18,,Prokaryota.Bacteria.Proteobacteria.Alphaproteobacteria.Rhodospirillales.Rhodospirillaceae.Azospirillum.Azospirillum_sp_T2.YC6788.,2,0.6152156,0.0227,8
Eukaryota.Chromista.Ochrophyta.Chrysophyceae.NA.NA.NA.alpha_proteobacterium_OR.205.,1,0.684831824,0.0488,14,,Eukaryota.Animalia.Arthropoda.Arachnida.Trombidiformes.Rhagidiidae.NA.Rhagidiidae_gen_sp_AD1060,2,0.610654651,0.0341,9
Prokaryota.Bacteria.Proteobacteria.Alphaproteobacteria.Caulobacterales.Caulobacteraceae.Asticcacaulis.Asticcacaulis_sp_148B.,1,0.684497817,0.0055,7,,Eukaryota.Chromista.Ciliophora.Colpodea.Cyrtolophosidida.Cyrtolophosididae.Pseudocyrtolophosis.Pseudocyrtolophosis_alpestris,2,0.604400166,0.0231,8
Eukaryota.Fungi.Ascomycota.Sordariomycetes.Hypocreales.Nectriaceae.Fusarium...y,1,0.681623932,0.0166,8,,Eukaryota.Animalia.Arthropoda.Arachnida.Trombidiformes.Tydeidae.NA..,2,0.604138572,0.0387,8
NA.NA.NA.NA..NA....4,1,0.681623932,0.0076,7,,Prokaryota.Bacteria.Bacteroidetes.Chitinophagia.Chitinophagales.Chitinophagaceae.Segetibacter..,2,0.601880878,0.0286,8
Prokaryota.Bacteria.Fibrobacteres.Fibrobacteria.Fibrobacterales.Fibrobacteraceae.Fibrobacter..,1,0.679411765,0.0056,7,,Eukaryota.Fungi.Basidiomycota.Agaricomycetes.Agaricales.Pleurotaceae.Pleurotus.Pleurotus_purpureo.olivaceus..1,2,0.6004662,0.0454,8
Prokaryota.Bacteria.Verrucomicrobia.Opitutae.Opitutales.Opitutaceae.Opitutus.Opitutus_sp_VeSm13.,1,0.678110004,0.0378,17,,Prokaryota.Bacteria.Bacteroidetes.Sphingobacteriia.Sphingobacteriales.Sphingobacteriaceae.NA.Sphingobacteriaceae_bacterium_enrichment_culture_clone_hao06.,2,0.597257491,0.0481,9
Prokaryota.Bacteria.Bacteroidetes.Flavobacteriia.Flavobacteriales.Cryomorphaceae.Owenweeksia.Owenweeksia_hongkongensis.,1,0.677816901,0.019,11,,Eukaryota.Chromista.Cercozoa.NA.Cercomonadida.Cercomonadidae.Cercomonas.Cercomonas_jendrali,2,0.5942561,0.0488,11
Eukaryota.Fungi.Ascomycota.Lecanoromycetes.Peltigerales.Peltigeraceae.Peltigera.Peltigera_membranacea.,1,0.677536232,0.0078,7,,Prokaryota.Bacteria.Acidobacteria.Acidobacteriia.Acidobacteriales.Acidobacteriaceae.NA.bacterium_Ellin6115.,2,0.593418851,0.0287,8
Prokaryota.Bacteria.Planctomycetes.Planctomycetia.Planctomycetales.NA.NA.Planctomycete_enrichment_culture_clone_phylotype_P12.,1,0.674713877,0.0385,14,,Eukaryota.Fungi.Ascomycota.Eurotiomycetes.Chaetothyriales.Trichomeriaceae.Knufia..,2,0.589593035,0.0291,8
Eukaryota.Chromista.Pseudofungi.Oomycetes.Pythiales.Pythiaceae.Pythium.Pythium_rostratifingens,1,0.670236337,0.0055,7,,Eukaryota.Fungi.Ascomycota.Leotiomycetes.Helotiales.Hyaloscyphaceae.NA...x,2,0.587864791,0.0284,8
Prokaryota.Bacteria.Proteobacteria.Alphaproteobacteria.Sphingomonadales.Erythrobacteraceae.Altererythrobacter..,1,0.664691943,0.0137,9,,Eukaryota.Protozoa.Choanozoa.NA.Choanoflagellida.Salpingoecidae.Sphaeroeca.Sphaeroeca_volvox,2,0.574049096,0.0344,8
Prokaryota.Bacteria.Proteobacteria.Alphaproteobacteria.Rhodospirillales.Acetobacteraceae.NA.Acetobacteraceae_bacterium_LX45.,1,0.662408759,0.0097,9,,Prokaryota.Bacteria.Bacteroidetes.Sphingobacteriia.Sphingobacteriales.Sphingobacteriaceae.Sphingobacterium.Sphingobacterium_sp_P.38.,2,0.568402471,0.0364,8
Prokaryota.Bacteria.Bacteroidetes.Chitinophagia.Chitinophagales.Chitinophagaceae.Edaphobaculum.Edaphobaculum_flavum.,1,0.65797546,0.0068,8,,Eukaryota.Fungi.Ascomycota.Pezizomycetes.Pezizales.Pyronemataceae.Genea.Genea_harknessii.,2,0.545454545,0.0306,6
Prokaryota.Bacteria.Proteobacteria.Alphaproteobacteria.Sphingomonadales.Sphingomonadaceae.Novosphingobium..,1,0.657079646,0.0164,9,,Eukaryota.Chromista.Cercozoa.NA.Cercomonadida.Cercomonadidae.Paracercomonas.Paracercomonas_sp_9.NZ,2,0.545454545,0.0367,6
Prokaryota.Bacteria.Verrucomicrobia.Verrucomicrobiae.Verrucomicrobiales.Verrucomicrobia_subdivision_3.NA.unidentified_eubacterium_RB24.,1,0.652325581,0.0159,9,,Eukaryota.Chromista.Ochrophyta.Chrysophyceae.NA..NA..6,2,0.545454545,0.0334,6
Prokaryota.Bacteria.Bacteroidetes.Saprospiria.Saprospirales.Haliscomenobacteraceae.Haliscomenobacter..,1,0.634615385,0.0371,9,,Eukaryota.Fungi.Basidiomycota.Agaricomycetes.Cantharellales.Tulasnellaceae.Tulasnella.Tulasnella_violea,2,0.545454545,0.0275,6
Prokaryota.Bacteria.Actinobacteria.Actinobacteria.Geodermatophilales.Geodermatophilaceae.Blastococcus.Blastococcus_sp_URHB0062.,1,0.629518072,0.017,8,,Eukaryota.Animalia.Rotifera.Bdelloidea.Philodinida.Philodinidae.NA.,2,0.454545455,0.049,5
Eukaryota.Fungi.Ascomycota.Sordariomycetes.Hypocreales.Cordycipitaceae.NA..,1,0.625,0.0065,5,,,,,,
Eukaryota.Fungi.Basidiomycota.Agaricomycetes.Agaricales.Amanitaceae.Amanita.Amanita_rubescens.,1,0.625,0.0076,5,,,,,,
NA.NA.NA.NA.NA.Liposcelididae.Liposcelis.NA.,1,0.625,0.0062,5,,,,,,
Eukaryota.Chromista.Ochrophyta.Chrysophyceae.NA.Pyrinomonadaceae.Brevitalea.Brevitalea_aridisoli.,1,0.625,0.007,5,,,,,,
Eukaryota.Fungi.Ascomycota.Eurotiomycetes.Eurotiales.Trichocomaceae.Talaromyces...y,1,0.625,0.0065,5,,,,,,
Prokaryota.Bacteria.Actinobacteria.Acidimicrobiia.Acidimicrobiales.Acidimicrobiaceae.Aciditerrimonas.Aciditerrimonas_ferrireducens.,1,0.625,0.0066,5,,,,,,
Prokaryota.Bacteria.Bacteroidetes.Cytophagia.Cytophagales.Flammeovirgaceae.Fulvivirga..,1,0.625,0.007,5,,,,,,
Prokaryota.Bacteria.Bacteroidetes.Sphingobacteriia.Sphingobacteriales.Sphingobacteriaceae.Mucilaginibacter.Mucilaginibacter_sp_BR5.28.,1,0.625,0.0071,5,,,,,,
Prokaryota.Bacteria.Firmicutes.Clostridia.Clostridiales.Peptococcaceae.Desulfotomaculum.Desulfotomaculum_profundi.,1,0.625,0.0064,5,,,,,,
Eukaryota.Chromista.Ciliophora.Litostomatea.Haptorida.Spathidiidae.Spathidium.Spathidium_securiforme,1,0.625,0.0071,5,,,,,,
Eukaryota.Chromista.Pseudofungi.Oomycetes.Pythiales.Pythiaceae.NA.,1,0.625,0.0062,5,,,,,,
Eukaryota.Fungi.Ascomycota.Pezizomycetes.Pezizales.Ascodesmidaceae.NA.,1,0.625,0.0062,5,,,,,,
Eukaryota.Fungi.Chytridiomycota.Monoblepharidomycetes.Monoblepharidales.Sanchytriaceae.Sanchytrium.Sanchytrium_tribonematis,1,0.625,0.007,5,,,,,,
Eukaryota.Plantae.Rhodophyta.Cryptophyta.Pyrenomonadales.Chroomonadaceae.Chroomonas.Chroomonas_vectensis,1,0.625,0.0059,5,,,,,,
Prokaryota.Bacteria.Proteobacteria.Alphaproteobacteria.Caulobacterales.Caulobacteraceae.NA.,1,0.62449842,0.0141,7,,,,,,
Eukaryota.Fungi.Ascomycota.Eurotiomycetes.Eurotiales.Trichocomaceae.Talaromyces...x,1,0.623823622,0.0168,6,,,,,,
Eukaryota.Fungi.Ascomycota.Pezizomycetes.Pezizales.Pyronemataceae.Tarzetta.Tarzetta_catinus,1,0.623509576,0.0483,7,,,,,,
Prokaryota.Bacteria.Bacteroidetes.Cytophagia.Cytophagales.Hymenobacteraceae.NA..,1,0.622757848,0.0063,6,,,,,,
Prokaryota.Bacteria.Proteobacteria.Alphaproteobacteria.Rhizobiales.NA.Methyloligella.Methyloligella_halotolerans,1,0.622427984,0.0065,6,,,,,,
Eukaryota.Fungi.Glomeromycota.Glomeromycetes.Glomerales.Glomeraceae.Glomus.Glomus_macrocarpum,1,0.622394816,0.0279,7,,,,,,
Eukaryota.Fungi.Basidiomycota.Agaricomycetes.Agaricales.Hygrophoraceae.Chrysomphalina.Chrysomphalina_grossula,1,0.622145304,0.0365,7,,,,,,
Eukaryota.Fungi.Ascomycota.Saccharomycetes.Saccharomycetales.Metschnikowiaceae.NA.,1,0.620857498,0.0154,6,,,,,,
Eukaryota.Fungi.Ascomycota.Pezizomycetes.Pezizales.Pyronemataceae.Octospora.Octospora_hygrohypnophila,1,0.616978862,0.0219,6,,,,,,
Eukaryota.Fungi.Basidiomycota.Agaricomycetes.Agaricales.Amanitaceae.Amanita..,1,0.616578947,0.0496,7,,,,,,
Eukaryota.Chromista.Ochrophyta.Chrysophyceae.NA.Thraustochytriaceae.Oblongichytrium.,1,0.614361702,0.0165,6,,,,,,
Eukaryota.Fungi.Basidiomycota.Agaricomycetes.Cantharellales.Hydnaceae.Hydnum.Hydnum_albomagnum,1,0.611275565,0.0226,8,,,,,,
Eukaryota.Fungi.Basidiomycota.Agaricomycetes.Agaricales.Psathyrellaceae.Psathyrella...1,1,0.609605911,0.0216,6,,,,,,
Eukaryota.Fungi.Ascomycota.Eurotiomycetes.Eurotiales.Trichocomaceae.Talaromyces.Talaromyces_marneffei.,1,0.60840708,0.0353,7,,,,,,
Prokaryota.Bacteria.Firmicutes.Bacilli.Bacillales.Alicyclobacillaceae.Tumebacillus..,1,0.606617647,0.0175,6,,,,,,
Eukaryota.Fungi.Glomeromycota.Glomeromycetes.Glomerales.NA..,1,0.606617647,0.0164,6,,,,,,
Eukaryota.Fungi.Basidiomycota.Agaricomycetes.Agaricales.Pleurotaceae.Pleurotus.Pleurotus_ostreatus.,1,0.605842912,0.0162,6,,,,,,
Eukaryota.Fungi.Basidiomycota.Agaricomycetes.Auriculariales.Hyaloriaceae.Pseudohydnum.Pseudohydnum_gelatinosum,1,0.602841089,0.0227,6,,,,,,
Eukaryota.Protozoa.Choanozoa.NA.Choanoflagellida.Acanthoecidae.Acanthoeca.Acanthoeca_spectabilis,1,0.602802442,0.0085,6,,,,,,
NA.NA.NA.NA..NA.Dictyocatenulata.Dictyocatenulata_alba,1,0.601958525,0.0212,6,,,,,,
Prokaryota.Bacteria.Actinobacteria.Actinobacteria.Streptomycetales.Streptomycetaceae.Streptomyces.Streptomyces_sp.,1,0.599358974,0.0203,7,,,,,,
Eukaryota.Fungi.Basidiomycota.Atractiellomycetes.Atractiellales.NA.Helicogloea.Helicogloea_lagerheimii,1,0.597826087,0.0115,6,,,,,,
Prokaryota.Bacteria.Proteobacteria.Alphaproteobacteria.Rhodospirillales.Rhodospirillaceae.Dongia.Dongia_sp.,1,0.589285714,0.0225,8,,,,,,
Eukaryota.Fungi.Ascomycota.Pezizomycetes.Pezizales.Pyronemataceae.Tricharina.Tricharina_praecox,1,0.588325183,0.0209,6,,,,,,
Prokaryota.Bacteria.Chloroflexi.Anaerolineae.Anaerolineales.Anaerolineaceae.NA.Anaerolineaceae_bacterium_enrichment_culture_clone_B6_39.,1,0.58624031,0.0184,6,,,,,,
Eukaryota.Chromista.Ochrophyta.Chrysophyceae.NA..NA..29,1,0.581268222,0.0177,6,,,,,,
Prokaryota.Bacteria.Firmicutes.Clostridia.Clostridiales.Ruminococcaceae.Ruminococcus.Ruminococcus_flavefaciens.,1,0.578271028,0.0322,7,,,,,,
Prokaryota.Bacteria.Proteobacteria.Deltaproteobacteria.Myxococcales.Archangiaceae.Cystobacter..,1,0.560622318,0.049,7,,,,,,
Eukaryota.Chromista.Ochrophyta.Chrysophyceae.NA.NA.NA.Leotiomycetes_sp_A935.,1,0.55985342,0.0381,7,,,,,,
Eukaryota.Chromista.Ochrophyta.Chrysophyceae.NA.Tomoceridae.NA.Tomoceridae_sp_DPCOL20752.,1,0.539675768,0.035,6,,,,,,
Eukaryota.Fungi.Basidiomycota.Agaricomycetes.Agaricales.Tricholomataceae.Collybia..,1,0.534172662,0.0421,7,,,,,,
Eukaryota.Plantae.Streptophyta.NA.Rosales.Rosaceae.Rubus..,1,0.5,0.0236,4,,,,,,
Eukaryota.Fungi.Basidiomycota.Agaricomycetes.Agaricales.Fistulinaceae.Fistulina.Fistulina_hepatica.,1,0.5,0.0238,4,,,,,,
Eukaryota.Fungi.Basidiomycota.Agaricomycetes.Agaricales.Hygrophoraceae.Hygrocybe.Hygrocybe_lacmus.,1,0.5,0.021,4,,,,,,
Eukaryota.Protozoa.Amoebozoa.NA.Physariida.Didymiaceae.Didymium.Didymium_iridis.,1,0.5,0.0223,4,,,,,,
NA.NA.NA.NA.NA.Galumnidae.Pilogalumna..,1,0.5,0.0252,4,,,,,,
Prokaryota.Bacteria.Cyanobacteria.NA.Synechococcales.Leptolyngbyaceae.Leptolyngbya..,1,0.5,0.024,4,,,,,,
Prokaryota.Bacteria.Firmicutes.Bacilli.Bacillales.Bacillaceae.Tepidibacillus..,1,0.5,0.0269,4,,,,,,
Eukaryota.Animalia.Nematoda.Enoplea.Dorylaimida.Qudsianematidae.NA.,1,0.5,0.0216,4,,,,,,
Eukaryota.Fungi.Basidiomycota.Agaricomycetes.Trechisporales.Hydnodontaceae.Trechispora.Trechispora_alnicola,1,0.5,0.0208,4,,,,,,
Eukaryota.Fungi.Basidiomycota.Pucciniomycetes.Pucciniales.Melampsoraceae.Melampsora.Melampsora_albertensis,1,0.5,0.023,4,,,,,,
Eukaryota.Fungi.Glomeromycota.Glomeromycetes.Glomerales.Glomeraceae.Glomus.Glomus_invermaium,1,0.5,0.0232,4,,,,,,
Eukaryota.Fungi.Glomeromycota.Glomeromycetes.Glomerales.Glomeraceae.Glomus.Glomus_sp_NBR31,1,0.5,0.0214,4,,,,,,
Eukaryota.Fungi.Zoopagomycota.NA.Zoopagales.Piptocephalidaceae.NA.Piptocephalidaceae_sp,1,0.5,0.0244,4,,,,,,
Eukaryota.Fungi.Chytridiomycota.Chytridiomycetes.Lobulomycetales.Lobulomycetaceae.Lobulomyces.,1,0.498700032,0.0425,5,,,,,,
Eukaryota.Fungi.Zygomycota.NA.Mortierellales.Mortierellaceae.Mortierella.Mortierella_sp_DWM19.,1,0.497270556,0.0448,6,,,,,,
NA.NA.NA.NA..NA....y,1,0.491344668,0.0415,5,,,,,,
Eukaryota.Fungi.Basidiomycota.Agaricomycetes.Agaricales.Entolomataceae.Entoloma...1,1,0.487341772,0.0248,5,,,,,,
Eukaryota.Chromista.Ochrophyta.Chrysophyceae.NA..NA..31,1,0.485865724,0.0229,5,,,,,,
Prokaryota.Bacteria.Verrucomicrobia.Verrucomicrobiae.Verrucomicrobiales.Verrucomicrobiaceae.NA.Verrucomicrobiaceae_bacterium_ONA9.,1,0.476119403,0.0459,6,,,,,,