site_id,species,cover,obs_id,
15,KOST,0.5,1,
15,LOHI,1,2,
15,FECA,0.5,3,
15,POIM,0.5,4,
15,PTAQ,0.5,5,
15,IRTE,0.5,6,
15,PYPI,0.5,7,
12,AICA,2,8,
12,FEMI,1,9,
12,LOHI,1,10,
12,BRTE,1,11,
12,POCO,0.5,12,
12,POIM,0.5,13,
12,TOAR,0.5,14,
12,PETR,0.5,15,
12,GABO,0.5,16,
12,ARDI,0.5,17,
12,FEOC,0.5,18,
12,MECA,0.5,19,
37,PTAQ,0.5,20,
37,LOHI,0.5,21,
38,VILO,0.5,22,
38,LOHI,0.5,23,
38,CHUM,0.5,24,
38,MARA,0.5,25,
38,PTAQ,0.5,26,
38,WHMO,1,27,
38,PRHO,1,28,
16,LYLA,0.5,29,
16,LOHI,0.5,30,
16,RUBI,0.5,31,
17,PYPI,0.5,32,
17,IRTE,0.5,33,
17,LOHI,0.5,34,
17,GABO,0.5,35,
17,POIM,0.5,36,
17,WHMO,0.5,37,
13,PTAQ,1,38,
13,LOHI,0.5,39,
13,PYPI,1,40,
13,PYAP,0.5,41,
13,IRTE,0.5,42,
13,MECA,0.5,43,
13,HYPE,0.5,44,
13,ELGL,0.5,45,
14,AICA,0.5,46,
14,COHE,0.5,47,
14,HYPE,0.5,48,
14,HOCR,2,49,
14,RULE,0.5,50,
14,FECA,0.5,51,
14,CAMU,0.5,52,
14,CYEC,0.5,53,
14,FEMI,0.5,54,
14,ELGL,0.5,55,
14,ANMAD,0.5,56,
14,TOAR,0.5,57,
14,PTAQ,0.5,58,
14,SILX,0.5,59,
14,LYLA,0.5,60,
18,ACMI,0.5,61,
18,LUTR,0.5,62,
18,RUPA,0.5,63,
18,LOHI,0.5,64,
18,APAN,0.5,65,
18,ERLA,0.5,66,
18,DIMU,0.5,67,
18,CHAN,0.5,68,
18,DAGL,0.5,69,
18,AICA,0.5,70,
18,PTAQ,0.5,71,
18,BRCA,0.5,72,
18,FRVE,0.5,73,
18,ASPR,0.5,74,
18,SILX,0.5,75,
18,CLRH,0.5,76,
18,LYLA,0.5,77,
18,AGGR,0.5,78,
18,CAAP,0.5,79,
19,FECA,5,80,
19,WHMO,10,81,
19,RUUR,1,82,
19,MAGR,0.5,83,
19,ERLA,0.5,84,
19,SILX,0.5,85,
19,FRVE,0.5,86,
19,LUTR,2,87,
19,PTAQ,1,88,
19,BRCA,0.5,89,
19,COHE,0.5,90,
19,LYLA,0.5,91,
19,VIAM,1,92,
19,CHAN,0.5,93,
19,AGGR,0.5,94,
19,ELGL,1,95,
19,FEOC,0.5,96,
19,ASPR,0.5,97,
19,APAN,1,98,
19,DIMU,0.5,99,
19,DAISYSP,1,100,
43,PRHO,0.5,101,
43,PYAP,0.5,102,
43,CHUM,1,103,
43,WHMO,1,104,
43,GOOB,0.5,105,
43,RUUR,0.5,106,
43,IRTE,0.5,107,
43,ARDI,0.5,108,
43,VILO,0.5,109,
42,PYAP,0.5,110,
42,RUUR,0.5,111,
42,WHMO,0.5,112,
42,LYLA,0.5,113,
42,KOST,0.5,114,
42,MECA,0.5,115,
42,COHE,0.5,116,
20,LYLA,2,117,
20,PTAQ,0.5,118,
20,ACTR,0.5,119,
20,MARA,0.5,120,
20,PYPI,0.5,121,
20,COHE,1,122,
20,MAGR,1,123,
20,IRTE,0.5,124,
20,AGGR,1,125,
20,APAN,0.5,126,
21,LYLA,10,127,
21,PRHO,1,128,
21,LOHI,5,129,
21,ASPR,0.5,130,
21,CHAN,1,131,
21,MARA,1,132,
21,HEXX,0.5,133,
21,ARDI,0.5,134,
21,IRTE,0.5,135,
21,MAGR,0.5,136,
21,ELGL,0.5,137,
21,ACMI,0.5,138,
21,RULE,1,139,
21,VIXX,1,140,
21,BRCA,1,141,
21,VIAM,1,142,
21,RUUR,1,143,
46,ACTR,1,144,
46,PTAQ,1,145,
46,RUUR,1,146,
46,LYLA,1,147,
46,PYPI,0.5,148,
46,PRHO,0.5,149,
46,PLEL,0.5,150,
46,ARDI,0.5,151,
44,WHMO,10,152,
44,GOOB,0.5,153,
44,ADBI,0.5,154,
44,COST,0.5,155,
44,ACTR,3,156,
44,GATR,0.5,157,
44,ASPR,0.5,158,
44,VILO,0.5,159,
44,PYAP,0.5,160,
44,CHUM,1,161,
44,MARA,0.5,162,
44,IRTE,0.5,163,
44,VIXX,1,164,
44,ARDI,0.5,165,
44,HIAL,0.5,166,
44,ANMAD,3,167,
44,PRHO,0.5,168,
41,GOOB,1,169,
41,PRHO,0.5,170,
41,ADBI,0.5,171,
41,MARA,0.5,172,
41,ACTR,0.5,173,
41,LOHI,0.5,174,
41,PYAP,0.5,175,
41,IRTE,0.5,176,
47,WHMO,65,177,
47,HOCR,1,178,
47,APAN,0.5,179,
47,RUUR,1,180,
47,POGL,1,181,
47,SADO,1,182,
47,SILX,0.5,183,
47,ELGL,0.5,184,
47,TRXX,0.5,185,
47,RULE,2,186,
47,LYLA,2,187,
47,ANMAD,0.5,188,
47,PTAQ,0.5,189,
47,RUPA,1,190,
47,RIRO,0.5,191,
47,VIAM,0.5,192,
49,POIM,1,193,
49,PRHO,0.5,194,
49,LOHI,0.5,195,
49,ARDI,0.5,196,
49,RULE,0.5,197,
49,IRTE,0.5,198,
49,LYLA,1,199,
49,ACTR,1,200,
49,PYPI,0.5,201,
49,PTAQ,0.5,202,
49,FEOC,0.5,203,
51,RULE,20,204,
51,MECA,25,205,
51,ASPR,0.5,206,
51,MAGR,3,207,
51,CAOC,5,208,
51,VIAM,5,209,
51,TOAR,5,210,
51,LYLA,4,211,
51,CYEC,1,212,
51,SOPA,1,213,
51,CHAN,0.5,214,
51,COHE,0.5,215,
51,BRTE,0.5,216,
51,HOCR,1,217,
51,GICA,0.5,218,
53,LYLA,1,219,
53,PTAQ,0.5,220,
53,RULE,0.5,221,
53,RUPA,0.5,222,
53,GATR,0.5,223,
53,FEOC,0.5,224,
53,POIM,1,225,
53,HEXX,0.5,226,
53,PRHO,0.5,227,
53,ASHA,0.5,228,
53,ACTR,0.5,229,
53,CAMU,0.5,230,
52,ARDI,1,231,
52,MECA,0.5,232,
52,FEOC,20,233,
52,COHE,0.5,234,
52,CLPU,0.5,235,
52,ASPR,0.5,236,
52,CAREX,0.5,237,
52,HIAL,0.5,238,
52,AICA,5,239,
52,LOHI,0.5,240,
52,HEXX,0.5,241,
52,PTAQ,0.5,242,
52,CAMU,0.5,243,
52,ELGL,0.5,244,
52,POIM,0.5,245,
40,WHMO,10,246,
40,IRTE,0.5,247,
40,PRHO,0.5,248,
40,COHE,0.5,249,
40,LOHI,1,250,
40,ARXX,1,251,
40,CAREX,0.5,252,
40,VIAM,2,253,
40,FEOC,0.5,254,
40,RUUR,0.5,255,
40,SYMO,5,256,
40,APAN,1,257,
40,FRVE,1,258,
40,ELGL,0.5,259,
40,ASPR,0.5,260,
40,RUPA,0.5,261,
25,ARCAL,1,262,
25,WOFI,1,263,
25,WHMO,5,264,
25,VIAM,1,265,
25,GATR,0.5,266,
25,ACTR,1,267,
25,LYLA,1,268,
25,RUUR,1,269,
25,FEOC,0.5,270,
25,ANMAD,0.5,271,
25,POIM,0.5,272,
25,LIBO,1,273,
25,COHE,0.5,274,
25,CAMU,0.5,275,
25,IRTE,0.5,276,
25,MARA,0.5,277,
25,HIAL,0.5,278,
25,PTAQ,1,279,
30,POIM,0.5,280,
30,COHE,0.5,281,
30,VILO,0.5,282,
30,LOHI,0.5,283,
30,IRTE,0.5,284,
30,WHMO,5,285,
30,POCO,0.5,286,
30,ANMAD,0.5,287,
30,APAN,0.5,288,
1,CYGR,0.5,289,
1,VILO,0.5,290,
1,PYAP,0.5,291,
1,LOHI,0.5,292,
1,APAN,0.5,293,
1,GATR,0.5,294,
1,LYLA,0.5,295,
1,ANMAD,0.5,296,
2,FECA,5,297,
2,HYPE,1,298,
2,HIAL,0.5,299,
2,AGGR,0.5,300,
2,PHHA,0.5,301,
2,MECA,1,302,
2,MAGR,1,303,
2,APAN,0.5,304,
2,LOHI,1,305,
2,LYLA,10,306,
2,POIM,0.5,307,
2,AICA,0.5,308,
2,TOAR,0.5,309,
2,CAOC,1,310,
2,LICA,0.5,311,
2,FEOC,2,312,
2,RULE,1,313,
2,GABO,0.5,314,
2,IRTE,0.5,315,
2,LOTR,0.5,316,
2,ASPR,4,317,
2,BRTE,1,318,
2,ACMI,0.5,319,
2,SOPA,0.5,320,
2,OSBE,0.5,321,
3,PYPI,0.5,322,
3,VAHE,0.5,323,
3,LOHI,4,324,
3,ANMAD,0.5,325,
3,CAMU,0.5,326,
3,LYLA,1,327,
3,IRTE,0.5,328,
3,RULE,0.5,329,
3,WHMO,0.5,330,
3,RUBI,1,331,
3,RUPA,0.5,332,
3,CHUM,0.5,333,
28,MECA,20,334,
28,POCO,0.5,335,
28,GABO,0.5,336,
28,LOHI,1,337,
28,PTAQ,5,338,
28,SOPA,0.5,339,
28,DAPU,0.5,340,
28,GAPA,0.5,341,
28,ERLA,0.5,342,
28,HYPE,0.5,343,
28,IRTE,0.5,344,
28,TOAR,0.5,345,
28,ASHA,0.5,346,
28,COHE,0.5,347,
60,POCO,0.5,348,
60,LOHI,1,349,
60,CAMU,0.5,350,
60,FEOC,0.5,351,
60,TOAR,0.5,352,
60,COHE,0.5,353,
60,MAGR,0.5,354,
60,HIAL,0.5,355,
60,FECA,0.5,356,
60,IRTE,0.5,357,
60,AICA,0.5,358,
60,CYEC,0.5,359,
60,ERLA,0.5,360,
59,PRHO,0.5,361,
59,LOHI,0.5,362,
59,ARDI,0.5,363,
59,ACTR,0.5,364,
59,PTAQ,0.5,365,
59,PYAP,0.5,366,
59,SYMO,0.5,367,
59,POIM,2,368,
59,PLEL,0.5,369,
59,CHUM,0.5,370,
59,FEOC,0.5,371,
59,RULE,1,372,
59,GATR,0.5,373,
59,RUPA,1,374,
59,LYLA,0.5,375,
27,ANMAD,0.5,376,
27,LOHI,2,377,
27,ARDI,0.5,378,
27,FECA,0.5,379,
27,POCO,0.5,380,
27,ROGY,0.5,381,
27,POIM,0.5,382,
27,IRTE,0.5,383,
27,GABO,0.5,384,
56,DAPU,3,385,
56,SILX,0.5,386,
56,AICA,3,387,
56,MAGR,1,388,
56,CESO,1,389,
56,TOAR,1,390,
56,LOXX,1,391,
56,CLPU,1,392,
56,CAOC,0.5,393,
56,ELGL,0.5,394,
56,HYPE,0.5,395,
56,SACR,0.5,396,
56,GATR,0.5,397,
56,CLRH,0.5,398,
56,DIID,0.5,399,
56,AGGR,0.5,400,
56,MECA,1,401,
56,ACMI,0.5,402,
56,CYGR,0.5,403,
56,CEBE,1,404,
56,GAPA,0.5,405,
55,ADBI,5,406,
55,OSBE,3,407,
55,TOAR,10,408,
55,LOHI,3,409,
55,ANMAD,1,410,
55,GATR,0.5,411,
55,CAOC,0.5,412,
55,ASPR,0.5,413,
55,ELGL,1,414,
55,POIM,1,415,
55,IRTE,1,416,
55,LYLA,0.5,417,
55,VIAM,0.5,418,
55,FEOC,0.5,419,
55,COHE,0.5,420,
55,DRAR,0.5,421,
55,STME,1,422,
55,RULE,1,423,
55,PRHO,1,424,
55,NEPA,2,425,
55,FECA,1,426,
55,CYEC,0.5,427,
55,APAN,0.5,428,
55,HIAL,1,429,
36,SOPA,1,430,
36,PTAQ,50,431,
36,RUBI,10,432,
36,RULE,10,433,
36,TOAR,1,434,
36,VAHE,3,435,
36,GATR,3,436,
36,LYLA,4,437,
36,RUPA,4,438,
36,SYMO,4,439,
36,ELGL,0.5,440,
36,RUUR,1,441,
36,CEIN,2,442,
36,SYAL,1,443,
9,TOAR,3,444,
9,CHPO,1,445,
9,MAGR,5,446,
9,MECA,70,447,
9,FECA,1,448,
9,SILX,0.5,449,
9,APAN,1,450,
9,SICA,0.5,451,
9,RUBI,1,452,
9,BRTE,2,453,
9,ELGL,2,454,
9,CYEC,1,455,
9,FEMI,0.5,456,
9,RULE,1,457,
9,LOHI,1,458,
9,MAOR,0.5,459,
9,HIAL,1,460,
9,SOPA,0.5,461,
10,HIAL,0.5,462,
10,ACMI,0.5,463,
10,LOHI,0.5,464,
10,ANMAD,0.5,465,
10,GABO,0.5,466,
10,FEOC,0.5,467,
10,MECA,0.5,468,
10,POIM,0.5,469,
10,ELGL,0.5,470,
10,SICA,0.5,471,
10,POCO,0.5,472,
58,LYLA,2,473,
58,TOAR,1,474,
58,OSBE,2,475,
58,VIAM,3,476,
58,POIM,1,477,
58,MECA,3,478,
58,LOHI,3,479,
58,MANE,5,480,
58,ASPR,0.5,482,
58,DAGL,0.5,483,
58,RULE,1,484,
58,PRHO,2,485,
58,MAGR,1,486,
58,GABO,0.5,487,
58,FEMI,0.5,488,
57,CYEC,20,489,
57,AGGR,0.5,490,
57,ANMAD,4,491,
57,MECA,4,492,
57,HIAL,1,493,
57,ARVI,0.5,494,
57,FECA,1,495,
57,POIM,1,496,
57,OSBE,0.5,497,
57,ARDI,0.5,498,
57,LOHI,0.5,499,
57,TOAR,1,500,
57,SYMO,0.5,501,
57,GABO,0.5,502,
8,CAMU,0.5,503,
8,TOAR,2,504,
8,CYEC,10,505,
8,LOHI,1,506,
8,MECA,1,507,
8,OSBE,1,508,
8,FECA,1,509,
8,ANMAD,1,510,
8,ELGL,1,511,
8,PYAP,0.5,512,
8,RULE,1,513,
8,GABO,1,514,
8,HIAL,1,515,
8,SACR,1,516,
8,RIRO,0.5,517,
8,RUBI,1,518,
8,CHPO,0.5,519,
7,LOHI,3,520,
7,FECA,30,521,
7,SABI,0.5,522,
7,GABO,2,523,
7,CYEC,1,524,
7,MAGR,0.5,525,
7,AICA,2,526,
7,CAXX,0.5,527,
7,TOAR,1,528,
7,FEMI,1,529,
7,POCO,1,530,
7,DAPU,1,531,
7,IRTE,1,532,
7,APAN,1,533,
7,HIAL,1,534,
7,BREL,0.5,535,
7,GAPA,0.5,536,
7,SICA,1,537,
7,ASPR,0.5,538,
7,ANMAD,1,539,
7,LYLA,1,540,
7,HYPE,1,541,
7,ROGY,1,542,
7,MECA,1,543,
7,POIM,1,544,
7,VAHE,2,545,
7,OSBE,0.5,546,
7,CYGR,0.5,547,
7,RULE,1,548,
7,RUBI,1,549,
7,SACR,1,550,
7,RIRO,1,551,
7,SOPA,0.5,552,
7,HOXX,0.5,553,
7,ELGL,0.5,554,
7,CIOC,0.5,555,
7,ACMO,0.5,556,
7,CHPO,0.5,557,
33,FECA,20,558,
33,LOHI,5,559,
33,CLPU,0.5,560,
33,ANMAD,1,561,
33,HIAL,0.5,562,
33,COHE,0.5,563,
33,ADBI,0.5,564,
33,POIM,0.5,565,
33,FEOC,2,566,
33,ALXX,0.5,567,
33,PLEL,0.5,568,
34,CYEC,1,569,
34,TOAR,2,570,
34,BRTE,1,571,
34,MECA,1,572,
34,MAGR,6,573,
34,RULE,3,574,
34,LOHI,4,575,
34,RUBI,5,576,
34,ELGL,1,577,
34,AICA,2,578,
34,FEMI,2,579,
34,APAN,1,580,
34,SACR,0.5,581,
34,LYLA,1,582,
34,HYPE,0.5,583,
34,POCO,0.5,584,
34,DIID,0.5,585,
34,POIM,0.5,586,
34,HIAL,0.5,587,
34,CAREX,0.5,588,
34,LICA,0.5,589,
34,GABO,0.5,590,
34,SYAL,1,591,
34,CAPY,0.5,592,
6,RUBI,20,593,
6,RULE,5,594,
6,LOHI,5,595,
6,ANMAD,2,596,
6,TOAR,2,597,
6,OSBE,3,598,
6,HIAL,2,599,
6,ELGL,1,600,
6,LYLA,5,601,
6,FEOC,5,602,
6,MECA,10,603,
6,POCO,1,604,
6,SACR,1,605,
6,RIRO,5,606,
6,VIAM,1,607,
6,APAN,1,608,
6,VILO,1,609,
6,PLEL,0.5,610,
6,PTAQ,3,611,
6,GATR,0.5,612,
6,VAHE,1,613,
6,SOPA,1,614,
6,PYAP,0.5,615,
6,RUPA,2,616,
6,GABO,1,617,
6,VICA,1,618,
6,POSE,0.5,,
5,ELTR,0.5,,
5,STLE,0.5,,
6,TRCA,0.5,,
32,ANMAD,2,619,
32,FEOC,0.5,620,
32,OSBE,1,621,
32,ADBI,1,622,
32,TOAR,0.5,623,
32,LOHI,25,624,
32,VAHE,5,625,
32,HIAL,1,626,
32,POIM,1,627,
32,FECA,0.5,628,
32,LYLA,0.5,629,
5,FECA,15,630,
5,BRCA,5,631,
5,RULE,3,632,
5,MECA,2,633,
5,ACMI,1,634,
5,CYEC,2,635,
5,TOAR,2,636,
5,SACR,1,637,
5,BRTE,15,638,
5,RUBI,1,639,
5,SOPA,2,640,
5,GABO,1,641,
5,RIRO,2,642,
5,BRVU,5,643,
5,MAGR,1,644,
5,LOHI,2,645,
5,POIM,0.5,646,
5,FEOC,1,647,
5,MAOR,1,648,
5,DAPU,1,649,
5,BREL,0.5,650,
5,ELGL,1,651,
5,MOOD,1,652,
4,TOAR,1,653,
4,RUBI,2,654,
4,RULE,5,655,
4,CYEC,1,656,
4,MAGR,4,657,
4,CLVI,3,658,
4,CAOC,1,659,
4,SOPA,1,660,
4,BRTE,4,661,
4,RIRO,1,662,
4,BRVU,10,663,
4,AICA,1,664,
4,FEMI,2,665,
4,TRPO,0.5,666,
4,SASC,0.5,667,
4,CAPY,0.5,668,
4,ERCA,0.5,669,
4,DAPU,1,670,
4,ANMAD,0.5,671,
4,GATR,0.5,672,
4,MECA,1,673,
4,BRCA,0.5,674,
4,ELGL,1,675,
4,CLAM,0.5,676,
54,LOHI,1,677,
54,POIM,2,678,
54,ANMAD,0.5,679,
54,HIAL,0.5,680,
54,CAREX,0.5,681,
54,OSBE,0.5,682,
54,POCO,0.5,683,
54,GATR,0.5,684,
54,ADBI,0.5,685,
54,TOAR,0.5,686,
54,FEOC,0.5,687,
54,CHUM,0.5,688,
54,IRTE,0.5,689,
54,CACA,0.5,690,
54,MECA,0.5,691,
54,LYLA,0.5,692,
6,PSME,60,693,
6,TODI,15,694,
6,ARME,1,695,
6,QUCH,1,696,
6,QUKE,0,697,
6,NODE,2,698,
6,CEIN,1,699,
6,PIAT,0.5,700,
6,PHLE,0.5,701,
6,COCO,1,702,
6,CEOC,1,703,
6,GAFR,1,704,
54,PSME,80,705,
54,ARME,0,706,
54,QUCH,30,707,
54,TODI,20,708,
54,QUKE,1,709,
54,CEOC,1,710,
36,PSME,0,711,
36,PILA,0,712,
36,QUKE,1,713,
36,NODE,5,714,
36,ARME,1,715,
36,AIAL,1,716,
36,TODI,20,717,
36,ROGY,5,718,
36,COCO,5,719,
36,RIRO,4,720,
36,PIAT,4,721,
36,QUCH,2,722,
36,PHLE,20,723,
32,QUCH,50,724,
32,PILA,0.5,725,
32,PSME,50,726,
32,COCO,2,727,
32,NODE,30,728,
32,CONU,1,729,
32,ACMA,1,730,
32,TODI,10,731,
32,ARME,5,732,
32,OECE,0.5,733,
32,QUKE,1,734,
5,QUCH,5,736,
5,QUKE,20,737,
5,PSME,0,738,
5,ARME,10,739,
5,CEIN,35,740,
5,TODI,15,741,
5,QUGA,0,742,
5,PIAT,1,743,
5,GAFR,2,744,
4,PIAT,15,745,
4,GAFR,50,746,
4,QUCH,10,747,
4,CEIN,20,748,
4,SANIG,2,749,
4,CEOC,2,750,
4,ARME,1,751,
4,TODI,5,752,
34,PSME,15,753,
34,ARME,5,754,
34,QUKE,18,755,
34,CEIN,45,756,
34,TODI,15,757,
34,ACMA,1,758,
34,COCO,2,759,
34,QUCH,3,760,
34,QUGA,0.5,761,
33,PSME,80,762,
33,QUKE,25,763,
33,QUCH,10,764,
33,NODE,5,765,
33,ARME,15,766,
33,PILA,8,767,
7,ARME,10,768,
7,PSME,5,769,
7,QUCH,20,770,
7,QUKE,3,771,
7,QUGA,15,772,
7,CEIN,35,773,
7,TODI,30,774,
7,PHLE,2,775,
7,PILA,0,776,
7,ARVI,0.5,777,
7,COCO,2,778,
7,GAFR,0,779,
8,PSME,30,780,
8,ARME,5,781,
8,PILA,10,782,
8,QUCH,10,783,
8,PIPO,0,784,
8,QUKE,0,785,
8,CEIN,10,786,
8,TODI,1,787,
57,PSME,60,788,
57,PIPO,1,789,
57,PILA,0,790,
57,CEIN,0.5,791,
57,ARME,10,792,
57,QUKE,45,793,
57,QUGA,5,794,
57,QUCH,15,795,
57,COCO,0.5,796,
57,ACMA,0,797,
57,RIRO,0.5,799,
58,ACMA,45,800,
58,QUCH,20,801,
58,PSME,15,802,
58,CONU,25,803,
58,CEIN,40,804,
58,COCO,25,805,
58,RIRO,5,806,
58,TODI,10,807,
58,ROGY,3,808,
58,SANIG,3,809,
58,SYMO,5,810,
58,PIPO,1,811,
58,PHLE,5,812,
58,ARME,0,813,
58,CADE,0,814,
58,RISA,1,815,
10,PSME,70,816,
10,ARME,10,817,
10,QUCH,85,818,
10,QUGA,0,819,
10,TODI,15,820,
10,RIRO,0.5,821,
10,CEIN,5,822,
10,ARVI,0.5,823,
10,PILA,0,824,
9,QUCH,10,825,
9,QUGA,4,826,
9,CEIN,55,827,
9,RIRO,5,828,
9,CEOC,35,829,
9,TODI,10,830,
9,ARME,0,831,
9,PSME,0,832,
9,ACMA,0,833,
56,CEIN,5,834,
56,QUCH,40,835,
56,QUGA,25,836,
56,QUKE,30,837,
56,PIPO,15,838,
56,TODI,10,839,
56,CADE,3,840,
56,PSME,5,841,
56,AMAL,1,842,
55,COCO,45,843,
55,PSME,90,844,
55,QUKE,5,845,
55,TODI,15,846,
55,RIRO,1,847,
55,CEIN,0.5,848,
55,SYAL,0.5,849,
55,ROGY,1,850,
55,SYMO,0.5,851,
55,QUCH,0,852,
55,ACMA,0.5,853,
55,PILA,0,854,
55,QUGA,0,855,
27,PSME,70,856,
27,QUCH,60,857,
27,ARME,15,858,
27,UMCA,1,859,
27,TODI,10,860,
27,ARVI,2,861,
27,QUKE,0,862,
27,NODE,2,863,
59,PSME,20,864,
59,NODE,60,865,
59,ACMA,5,866,
59,CEIN,1,867,
59,ARME,1,868,
59,CONU,5,869,
59,TODI,1,870,
59,SASC,1,871,
59,ROGY,1,872,
59,ABCO,1,873,
60,CHCH,3,874,
60,NODE,30,875,
60,PSME,7,876,
60,ARME,10,877,
60,CEIN,75,878,
60,QUKE,20,879,
60,TODI,1,880,
28,ARME,25,881,
28,QUCH,20,882,
28,PSME,0,883,
28,CONU,0,884,
28,TODI,30,885,
28,QUKE,5,886,
28,PIPO,0,887,
28,RIRO,1,888,
28,CEIN,5,889,
28,HEAR,1,890,
28,NODE,0,891,
3,PSME,40,892,
3,NODE,45,893,
3,QUCH,1,894,
3,TODI,1,895,
3,GAFR,1,896,
3,ARME,1,897,
3,QUKE,5,898,
3,CEIN,40,899,
2,QUKE,10,900,
2,QUCH,20,901,
2,ARME,5,902,
2,NODE,10,903,
2,TODI,20,904,
2,CEIN,30,905,
2,COCO,20,906,
2,ROGY,2,907,
2,RIRO,1,908,
30,QUCH,20,909,
30,PSME,50,910,
30,COCO,20,911,
30,NODE,50,912,
30,QUKE,20,913,
30,UMCA,5,914,
30,ARME,5,915,
30,TODI,3,916,
25,ROGY,0.5,917,
25,PHLE,1,918,
25,TODI,0.5,919,
25,MANE,20,920,
25,NODE,35,921,
25,ARME,2,922,
25,PSME,40,923,
25,QUCH,1,924,
25,COCO,5,925,
25,ACMA,15,926,
25,CONU,3,927,
25,CADE,5,928,
25,SASC,1,929,
25,CEIN,0.5,930,
25,MAAQ,0.5,931,
40,TODI,4,932,
40,CEIN,70,933,
40,PSME,7,934,
40,NODE,40,935,
40,QUKE,25,936,
40,QUGA,1,937,
40,ARME,5,938,
40,QUCH,0.5,939,
40,CADE,0.5,940,
40,MAAQ,1,941,
52,RISA,0.5,942,
52,RIRO,1,943,
52,CEIN,65,944,
52,PSME,1,945,
52,QUKE,10,946,
52,ARME,5,947,
52,NODE,15,948,
52,ARCA,1,949,
52,TODI,5,950,
52,SYMO,0.5,951,
52,QUCH,1,952,
53,PSME,30,953,
53,MANE,30,954,
53,ACMA,10,955,
53,NODE,15,956,
53,ARME,1,957,
53,TODI,10,958,
53,CEIN,0.5,959,
53,RISA,0.5,960,
53,ROGY,0.5,961,
49,PSME,50,962,
49,ARME,15,963,
49,QUCH,10,964,
49,ROGY,5,965,
49,TODI,15,966,
49,NODE,30,967,
49,COCO,0.5,968,
49,ACMA,0,969,
49,QUKE,0,970,
49,SYMO,1,971,
49,RIRO,0.5,972,
49,CHCH,1,973,
51,ACMA,20,974,
51,QUKE,10,975,
51,ARME,3,976,
51,NODE,1,977,
51,TODI,10,978,
51,QUCH,2,979,
51,COCO,3,980,
51,CEIN,10,981,
51,RIRO,5,982,
47,PSME,10,983,
47,ARME,20,984,
47,SASC,40,985,
47,CEIN,40,986,
47,QUKE,10,987,
47,NODE,3,988,
47,QUCH,3,989,
47,ARCA,1,990,
47,HODI,1,991,
47,TODI,5,992,
47,ROGY,0.5,993,
47,RHPU,0.5,994,
47,PIPO,0.5,995,
47,CADE,0.5,996,
47,PILA,0.5,997,
47,AMAL,1,998,
41,ROGY,1,1000,
41,COCO,1,1001,
41,RISA,0.5,1002,
41,CONU,0.5,1003,
41,QUCH,8,1004,
41,PSME,85,1005,
41,ARME,15,1006,
41,ACMA,10,1007,
41,NODE,2,1008,
41,MAAQ,0.5,1009,
41,TODI,1,1010,
41,QUKE,0.5,1011,
41,SYMO,1,1012,
41,ABCO,1,1013,
1,NODE,5,1014,
1,UMCA,30,1015,
1,ARME,15,1016,
1,PSME,75,1017,
1,TODI,3,1018,
1,QUCH,1,1019,
1,QUKE,15,1020,
1,COCO,0,1021,
21,CEIN,70,1022,
21,CONU,15,1023,
21,QUCH,15,1024,
21,MANE,5,1025,
21,CHCH,15,1026,
21,PSME,1,1027,
21,ACMA,30,1028,
21,ARME,10,1029,
21,CADE,0,1030,
21,ROGY,1,1031,
21,RIRO,1,1032,
21,RUPA,5,1033,
21,ABCO,0.5,1034,
21,SASC,0.5,1035,
21,PIPO,5,1036,
21,ALRH,0,1037,
21,SALU,0,1038,
21,QUKE,1,1039,
20,QUCH,35,1040,
20,PIPO,5,1041,
20,PILA,7,1042,
20,QUKE,1,1043,
20,PSME,5,1044,
20,CEIN,20,1045,
20,CHCH,5,1046,
20,ARME,5,1047,
20,TODI,2,1048,
20,COCO,1,1049,
20,ACMA,0,1050,
20,CONU,0.5,1051,
20,SYMO,3,1052,
20,PRHO,0.5,1053,
20,CHUM,0.5,1054,
20,ADBI,0.5,1055,
46,NODE,70,1056,
46,ARME,40,1057,
46,TODI,5,1058,
46,PSME,5,1059,
46,QUCH,10,1060,
46,COCO,5,1061,
46,MANE,0.5,1062,
46,ROGY,0.5,1063,
46,CONU,5,1064,
46,HODI,0.5,1065,
46,QUKE,0.5,1066,
46,RUPA,1,1067,
44,PSME,40,1068,
44,ARME,5,1069,
44,NODE,10,1070,
44,COCO,8,1071,
44,HODI,5,1072,
44,MANE,15,1073,
44,CONU,5,1074,
44,ABCO,40,1075,
44,QUCH,10,1076,
44,ROGY,10,1077,
44,RUPA,8,1078,
44,CEIN,5,1079,
44,SASC,0,1080,
44,ACMA,0,1081,
44,RISA,0,1082,
44,SYMO,0,1083,
44,CESA,0,1084,
44,CHCH,0,1085,
43,NODE,65,1086,
43,PSME,75,1087,
43,ROGY,7,1088,
43,CONU,0.5,1089,
43,ARME,15,1090,
43,MANE,5,1091,
43,COCO,1,1092,
43,CEIN,0.5,1093,
43,TODI,0.5,1094,
43,QUCH,1,1095,
43,CHCH,10,1096,
43,SYMO,0.5,1097,
42,QUKE,20,1098,
42,PSME,30,1099,
42,ARME,50,1100,
42,TODI,20,1101,
42,MANE,5,1102,
42,HODI,5,1103,
42,NODE,1,1104,
42,CEIN,1,1105,
42,SYMO,0.5,1106,
42,COCO,0,1107,
42,SASC,0,1108,
42,QUCH,5,1109,
42,ACMA,0,1110,
42,PTAQ,1,1111,
42,PIPO,1,1112,
42,ROGY,0.5,1113,
19,ARME,15,1114,
19,QUKE,5,1115,
19,CEIN,75,1116,
19,QUCH,1,1117,
19,PIPO,0.5,1118,
19,ARPA,0.5,1119,
19,ARVI,0.5,1120,
19,SASC,15,1121,
19,PSME,0.5,1122,
19,ROGY,1,1123,
19,ACMA,5,1124,
19,TODI,0.5,1125,
19,NODE,0,1126,
18,NODE,0.5,1127,
18,SASC,1,1128,
18,CEIN,65,1129,
18,QUKE,8,1130,
18,ARME,8,1131,
18,TODI,10,1132,
18,ACMA,0.5,1133,
18,CHCH,1,1134,
18,CONU,1,1135,
18,PIPO,0.5,1136,
18,QUCH,1,1137,
18,SYMO,5,1138,
14,NODE,60,1139,
14,ARME,15,1140,
14,PSME,20,1141,
14,TODI,2,1142,
14,ARVI,3,1143,
14,CEIN,40,1144,
14,RIRO,1,1145,
13,PSME,90,1146,
13,NODE,25,1147,
13,UMCA,1,1148,
13,CADE,1,1149,
13,ARME,1,1150,
13,TODI,1,1151,
16,NODE,35,1152,
16,CEIN,35,1153,
16,ARME,10,1154,
16,TODI,3,1155,
16,QUCH,30,1156,
16,PSME,1,1157,
16,ARVI,1,1158,
16,RIRO,1,1159,
17,PSME,25,1160,
17,QUCH,75,1161,
17,ARME,0,1162,
17,UMCA,1,1163,
17,QUKE,0,1164,
17,NODE,1,1165,
17,TODI,3,1166,
38,NODE,65,1167,
38,TODI,5,1168,
38,PSME,85,1169,
38,PIPO,5,1170,
38,ARME,5,1171,
38,PILA,10,1172,
38,ROGY,0.5,1173,
38,SYMO,5,1174,
38,QUKE,1,1175,
37,NODE,90,1176,
37,ARME,7,1177,
37,PSME,25,1178,
37,CONU,10,1179,
37,TODI,7,1180,
37,ACMA,5,1181,
37,ALRH,0,1182,
37,MANE,0.5,1183,
12,ARME,20,1184,
12,QUCH,45,1185,
12,CEIN,10,1186,
12,PSME,5,1187,
12,GAFR,5,1188,
12,TODI,15,1189,
12,RIRO,1,1190,
12,ARVI,0.5,1191,
12,PILA,0,1192,
12,NODE,3,1193,
15,QUCH,55,1194,
15,ARME,13,1195,
15,PSME,40,1196,
15,TODI,15,1197,
15,NODE,15,1198,
15,CEIN,1,1199,
15,ACMA,0,1200,
28,GAFR,0.5,1201,
204,BREL,1,1202,
204,DAPU,5,1203,
204,AICA,1,1204,
204,AGGR,0.5,1205,
204,MAGR,5,1206,
204,CHPO,25,1207,
204,TRER,0.5,1208,
204,ACAM,1,1209,
204,CYEC,15,1210,
204,CEBE,1,1211,
204,FEMI,5,1212,
204,BRHO,10,1213,
204,BRDI,1,1214,
204,DIMU,0.5,1215,
204,ACBR,0.5,1216,
204,AVBA,0.5,1217,
204,MOOD,0.5,1218,
204,ELMU,0.5,1219,
204,MECA,1,1220,
204,CAMU,0.5,1221,
204,BRCA,1,1222,
204,GABO,0.5,1223,
204,IRTE,0.5,1224,
204,HYPE,0.5,1225,
204,CLPU,0.5,1226,
204,SILX,0.5,1227,SILENE VERECUNDA?
204,SACR,0.5,1228,
204,POIM,0.5,1229,
204,ELEL,0.5,1230,
204,ELGL,0.5,1231,
204,ERLA,0.5,1232,
204,STLE,0.5,1233,
204,TRXX,1,1234,"check, T. tomentosum should not be in the area"
204,TRCA,0.5,1235,
204,FECA,0.5,1236,
204,CICY,0.5,1237,
201,QUGA,1,1238,
201,ARVI,10,1239,
201,ARME,5,1240,
201,PIPO,5,1241,
201,PSME,20,1242,
201,TODI,1,1243,
201,CEIN,10,1244,
201,QUCH,25,1245,
201,RIRO,1,1246,
202,PIPO,2,1247,
202,PSME,15,1248,
202,CEIN,35,1249,
202,QUGA,0.5,1250,
202,QUKE,5,1251,
202,QUCH,2,1252,
202,ARME,10,1253,
203,PSME,25,1254,
203,PIPO,10,1255,
203,ARME,15,1256,
203,QUKE,5,1257,
203,CEIN,10,1258,
203,TODI,5,1259,
203,QUGA,0.5,1260,
204,PSME,5,1261,
204,QUGA,15,1262,
204,PIPO,5,1263,
204,CEIN,25,1264,
204,TODI,5,1265,
204,QUCH,5,1266,
204,QUKE,5,1267,
205,PSME,60,1268,
205,CEIN,20,1269,
205,ARME,5,1270,
205,QUCH,5,1271,
205,QUKE,5,1272,
205,ARVI,0.5,1273,
205,COCO,1,1274,
206,PSME,15,1275,
206,CEIN,5,1276,
206,TODI,10,1277,
206,QUCH,25,1278,
206,ARME,5,1279,
206,PREM,0.5,1280,
207,PSME,30,1281,
207,CEIN,5,1282,
207,TODI,1,1283,
207,RIRO,1,1284,
207,QUCH,20,1285,
207,ARME,2,1286,
207,RULE,2,1287,
208,PSME,5,1288,
208,QUCH,30,1289,
208,SACE,5,1290,
208,GAFR,1,1291,
208,PIAT,1,1292,
208,CEIN,15,1293,
209,PSME,5,1294,
209,PIPO,15,1295,
209,CEIN,30,1296,
209,PREM,15,1297,
209,SASC,3,1298,
209,COCO,1,1299,
209,AMAL,0.5,1300,
213,ACMA,20,1301,
213,PSME,1,1302,
213,TODI,10,1303,
213,CEIN,3,1304,
213,COCO,7,1305,
213,ARME,1,1306,
213,SACE,3,1307,
213,QUCH,7,1308,
213,RIRO,1,1309,
213,RISA,0.5,1310,
214,PSME,50,1311,
214,CEIN,40,1312,
214,ARME,10,1313,
214,ACMA,10,1314,
214,TODI,5,1315,
214,QUCH,15,1316,
214,NODE,1,1317,
215,PSME,60,1318,
215,CEIN,40,1319,
215,QUCH,50,1320,
215,RISA,1,1321,
215,ARME,15,1322,
215,TODI,5,1323,
216,PSME,85,1324,
216,ACMA,5,1325,
216,QUCH,15,1326,
216,TODI,15,1327,
216,COCO,17,1328,
216,ARME,0.5,1329,
216,AMAL,0.5,1330,
227,ARGL,0.5,1331,
227,RUPA,40,1332,
227,ABCO,5,1333,
227,PSME,5,1334,
227,CHCH,1,1335,
227,QUVA,0.5,1336,
227,SASC,5,1337,
227,RISA,1,1338,
227,PILA,5,1339,
227,CEIN,1,1340,
228,ABCO,30,1341,
228,PIPO,1,1342,
228,CADE,1,1343,
228,PSME,4,1344,
228,SASC,5,1345,
228,RUPA,5,1346,
228,RILO,1,1347,
228,RISA,1,1348,
228,CEIN,1,1349,
228,COCO,1,1350,
228,ACMA,1,1351,
210,PSME,50,1352,
210,ACMA,40,1353,
210,QUCH,20,1354,
210,ARME,0,1355,
210,CEIN,0,1356,
210,CEOC,1,1357,
210,RIRO,1,1358,
210,PILA,0,1359,
210,TODI,5,1360,
210,COCO,2,1361,
210,QUKE,30,1362,
211,PILA,0,1363,
211,PSME,20,1364,
211,QUCH,5,1365,
211,ACMA,10,1366,
211,CEIN,5,1367,
211,SACE,5,1368,
211,RISA,1,1369,
211,RIRO,1,1370,
211,COCO,5,1371,
212,ACMA,2,1372,
212,QUCH,15,1373,
212,PSME,20,1374,
212,RISA,1,1375,
212,CEIN,15,1376,
212,PIPO,0,1377,
212,COCO,1,1378,
212,RIRO,1,1379,
210,OSBE,1,1380,
210,POIM,1,1381,
210,MECA,0.5,1382,
210,TOAR,0.5,1383,
210,NEPA,0.5,1384,
211,RUPA,10,1385,
211,GAAP,0.5,1386,CHECK SPEC
211,LYLA,0.5,1387,
211,MECA,25,1388,
211,OSBE,0.5,1389,
211,CHAN,0.5,1390,
211,RULE,2,1391,
211,PRHO,0.5,1392,
211,MYXX,0.5,1393,
211,ASPR,0.5,1394,
211,FUZZY,0.5,1395,
211,ACTR,1,1396,
211,CAOC,1,1397,
211,MARA,0.5,1398,
211,MAGR,0.5,1399,
211,CARYOPH,0.5,1400,"SAME AS IN 213, ALL DEAD"
211,HOCR,0.5,1401,
211,SYMO,1,1402,
212,CAOC,5,1403,
212,MECA,10,1404,
212,SYMO,10,1405,
212,ASPR,0.5,1406,
212,OSBE,0.5,1407,
212,VIAM,0.5,1408,
212,ELGL,0.5,1409,
212,ARDI,2,1410,
212,PRHO,0.5,1411,
212,ACTR,1,1412,
212,APAN,0.5,1413,
212,HIAL,0.5,1414,
212,LYLA,2,1415,
212,HOCR,0.5,1416,
212,CYEC,1,1417,
212,FEMI,1,1418,
212,ACMI,0.5,1419,
212,CARYOPH,0.5,1420,"SAME AS IN 213, ALL DEAD"
212,PHHA,0.5,1421,
212,AGGR,0.5,1422,
212,STACHYS,,1423,"SEE SPEC, RIGIDA OR AJUGOIDES"
212,MOOD,,1424,
212,GABO,,1425,
212,MYXX,,1426,
212,FECA,,1427,
212,BRTE,,1428,
212,YAMI,,1429,
217,PILA,15,1430,
217,PSME,30,1431,
217,QUCH,60,1432,
217,ARME,5,1433,
217,TODI,5,1434,
217,PHLE,0,1435,
218,PSME,65,1436,
218,QUCH,25,1437,
218,ARME,5,1438,
218,PILA,10,1439,
218,TODI,5,1440,
218,COCO,2,1441,
218,PHLE,1,1442,
222,ARME,5,1443,
222,PSME,60,1444,
222,QUKE,5,1445,
222,PIPO,1,1446,
222,ACM,0,1447,
222,ABCO,10,1448,
222,CEIN,0.5,1449,
223,QUKE,10,1450,
223,PSME,35,1451,
223,ARME,5,1452,
223,CADE,5,1453,
223,CONU,0,1454,
223,CEIN,0,1455,
223,TODI,2,1456,
223,QUCH,1,1457,
223,PIPO,20,1458,
223,PILA,0.5,1459,
223,ACMA,0,1460,
224,PILA,0.5,1461,
224,PSME,35,1462,
224,CEVE,40,1463,
224,CEIN,0.5,1464,
224,ABCO,0,1465,
224,SACE,2,1466,
224,COCO,2,1467,
224,CONU,5,1468,
224,AMAL,0.5,1469,
224,SASC,10,1470,
224,QUSA,0.5,1471,
224,ROGY,0.5,1472,
224,PIPO,0,1473,
224,ARME,1,1474,
224,ARGL,5,1475,
225,ABCO,20,1476,
225,PSME,25,1477,
225,CONU,5,1478,
225,CADE,15,1479,
225,ACMA,0,1480,
225,ALRH,0,1481,
225,PILA,0,1482,
225,COCO,5,1483,
225,QUCH,1,1484,
225,CHCH,0,1485,
229,CADE,10,1486,
229,PSME,30,1487,
229,ABCO,10,1488,
229,CONU,10,1489,
229,CEIN,10,1490,
229,CHCH,5,1491,
229,ACMA,1,1492,
229,QUCH,5,1493,
229,PILA,0,1494,
229,ROGY,1,1495,
229,RISA,0.5,1496,
229,CEVE,0.5,1497,
229,ARME,0,1498,
229,SASC,1,1499,
229,QUVA,10,1500,
233,ABCO,30,1501,
233,CHCH,40,1502,
233,CADE,10,1503,
233,PILA,20,1504,
233,PSME,30,1505,
233,SASC,10,1506,
233,COCO,2,1507,
233,ACMA,0.5,1508,
233,CEVE,0.5,1509,
233,QUCH,2,1510,
233,CONU,0.5,1511,
234,ACMA,5,1512,
234,PSME,65,1513,
234,ABCO,10,1514,
234,CADE,1,1515,
234,QUKE,0,1516,
234,PIPO,0,1517,
234,QUCH,1,1518,
234,TODI,1,1519,
226,PILA,5,1520,
226,CADE,5,1521,
226,PSME,2,1522,
226,ABCO,0,1523,
226,PIPO,0,1524,
226,CEIN,10,1525,
226,QUCH,1,1526,
226,SACE,2,1527,
226,ARGL,0.5,1528,
226,AMAL,2,1529,
226,SASC,0.5,1530,
226,COCO,2,1531,
226,RUPA,10,1532,
226,RISA,1,1533,
226,CHCH,0,1534,
235,TODI,10,1535,
235,PSME,75,1536,
235,ACMA,0.5,1537,
235,CADE,0,1538,
235,ABCO,0.5,1539,
235,QUCH,0.5,1540,
235,QUKE,0.5,1541,
235,ARME,0.5,1542,
235,CONU,0.5,1543,
235,PILA,0,1544,
237,QUGA,5,1545,
237,QUKE,5,1546,
237,TODI,1,1547,
237,ARCA,1,1548,
237,CADE,0.5,1549,
237,PIPO,0.5,1550,
237,PILA,0.5,1551,
237,PSME,20,1552,
237,QUCH,0.5,1553,
237,GAFR,0,1554,
237,CEIN,20,1555,
237,RIRO,0.5,1556,
237,ARME,10,1557,
237,SASC,1,1558,
238,PIPO,0.5,1559,
238,PSME,15,1560,
238,QUKE,20,1561,
238,ARME,20,1562,
238,ALRH,0,1563,
238,CADE,5,1564,
238,TODI,10,1565,
238,PILA,0.5,1566,
238,CEIN,0.5,1567,
238,ARCA,0,1568,
239,PSME,60,1569,
239,PIPO,0,1570,
239,QUKE,5,1571,
239,ARME,2,1572,
239,CADE,10,1573,
239,CEIN,0.5,1574,
239,QUCH,0.5,1575,
239,SASC,0,1576,
239,PILA,0,1577,
240,PILA,10,1578,
240,PSME,18,1579,
240,PIPO,1,1580,
240,CADE,0,1581,
240,ARME,3,1582,
240,AUK,5,1583,
240,CEIN,15,1584,
240,PIAT,0,1585,
240,COCO,1,1586,
240,QUCH,0,1587,
241,PSME,50,1588,
241,PILA,10,1589,
241,ARME,5,1590,
241,TODI,10,1591,
241,QUCH,20,1592,
241,PIPO,0,1593,
241,CEIN,0.5,1594,
241,CADE,0,1595,
241,COCO,1,1596,
242,PSME,15,1597,
242,PIPO,5,1598,
242,CEIN,30,1599,
242,QUKE,20,1600,
242,CADE,5,1601,
242,FRLA,1,1602,
242,PILA,0,1603,
242,QUGA,1,1604,
242,QUCH,1,1605,
242,SASC,5,1606,
242,ARME,0.5,1607,
236,PSME,20,1608,
236,QUKE,0.5,1609,
236,CADE,1,1610,
236,PIPO,20,1611,
236,PILA,20,1612,
236,CEIN,95,1613,
236,ABCO,0.5,1614,
236,ARME,1,1615,
236,CHCH,0,1616,
236,CESA,1,1617,
243,ARME,35,1618,
243,PSME,40,1619,
243,PILA,10,1620,
243,ACMA,0,1621,
243,QUKE,0,1622,
243,CEIN,5,1623,
243,CESA,5,1624,
243,QUCH,1,1625,
243,CONU,1,1626,
243,HODI,0,1627,
243,ABCO,0,1628,
244,CEIN,20,1629,
244,PSME,40,1630,
244,QUKE,5,1631,
244,PIPO,5,1632,
244,ARME,15,1633,
244,CADE,7,1634,
244,TODI,15,1635,
245,ACMA,20,1636,
245,QUKE,5,1637,
245,PSME,40,1638,
245,PIPO,15,1639,
245,PILA,15,1640,
245,ABCO,0,1641,
253,ACMA,15,1642,
253,PIPO,5,1643,
253,PILA,10,1644,
253,PSME,15,1645,
253,ACGL,5,1646,
253,ABCO,0,1647,
253,ABPR,0,1648,
253,QUCH,4,1649,
253,CHCH,5,1650,
253,COCO,15,1651,
253,SASC,0,1652,
253,RHPU,0,1653,
253,CONU,10,1654,
253,CEIN,1,1655,
253,CEVE,0,1656,
253,CADE,0.5,1657,
253,ARME,0,1658,
246,PIPO,20,1659,
246,PSME,25,1660,
246,CEIN,45,1661,
246,ARME,5,1662,
246,QUKE,7,1663,
246,QUCH,5,1664,
246,TODI,25,1665,
246,SASC,5,1666,
246,CONU,1,1667,
246,PILA,0,1668,
247,PSME,80,1669,
247,PILA,0.5,1670,
247,PIPO,0.5,1671,
247,ABCO,0.5,1672,
247,CONU,20,1673,
247,COCO,5,1674,
247,CESA,5,1675,
247,ACMA,0.5,1676,
247,QUKE,5,1677,
247,SASC,0,1678,
248,PSME,65,1679,
248,PIPO,30,1680,
248,PILA,0,1681,
248,QUKE,0,1682,
248,CEIN,50,1683,
248,SASC,0,1684,
249,PSME,80,1685,
249,ABCO,0.5,1686,
249,PIPO,0,1687,
249,QUKE,1,1688,
249,ACMA,0,1689,
250,NODE,5,1691,
250,ARME,40,1692,
250,CONU,40,1693,
250,QUKE,7,1694,
250,TODI,7,1695,
250,ACMA,5,1696,
250,PSME,45,1697,
250,QUCH,1,1698,
250,COCO,1,1699,
250,RUBI,5,1700,
250,PILA,0.5,1701,
251,QUKE,5,1702,
251,PSME,50,1703,
251,ACMA,5,1704,
251,QUCH,1,1705,
251,ARME,1,1706,
251,CEIN,20,1707,
251,CONU,7,1708,
251,RUBI,5,1709,
251,COCO,0.5,1710,
252,CONU,10,1711,
252,COCO,10,1712,
252,ACMA,5,1713,
252,TODI,25,1714,
252,ARME,35,1715,
252,PSME,50,1716,
252,QUKE,5,1717,
252,RUPA,10,1718,
254,COCO,20,1719,
254,CONU,15,1720,
254,PIPO,30,1721,
254,PSME,10,1722,
254,QUCH,7,1723,
254,RUPA,20,1724,
254,ACCI,1,1725,
254,ARME,0.5,1726,
254,ACMA,5,1727,
254,TODI,10,1728,
254,CEIN,10,1729,
254,CHCH,2,1730,
254,HODI,1,1731,
255,CEIN,35,1732,
255,QUKE,35,1733,
255,ARME,15,1734,
255,QUCH,35,1735,
255,PIPO,0.5,1736,
255,PSME,10,1737,
256,QUCH,50,1738,
256,ARME,10,1739,
256,TODI,40,1740,
256,PIPO,10,1741,
256,PSME,7,1742,
256,ACMA,10,1743,
256,QUKE,10,1744,
256,CEIN,20,1745,
256,CADE,0,1746,
257,PSME,40,1747,
257,ARME,10,1748,
257,ACMA,1,1749,
257,NODE,15,1750,
257,COCO,10,1751,
257,TODI,10,1752,
257,QUKE,7,1753,
257,UMCA,5,1754,
257,QUCH,5,1755,
257,QUGA,5,1756,
258,CHAN,1,1757,
258,UMCA,5,1758,
258,TODI,1,1759,
258,CEIN,5,1760,
258,NODE,5,1761,
258,ARME,5,1762,
258,QUCH,1,1763,
258,QUGA,0,1764,
258,QUKE,0,1765,
258,ACMA,0,1766,
259,ARME,7,1768,
259,PSME,25,1769,
259,QUCH,20,1770,
259,NODE,15,1771,
259,UMCA,15,1772,
259,TODI,10,1773,
259,COCO,5,1774,
259,ACMA,1,1775,
259,RUPA,5,1776,
259,PILA,0,1777,
259,CHLA,0,1778,
259,ALRH,0,1779,
260,NODE,5,1780,
260,PSME,5,1781,
260,CHLA,0,1782,
260,ARME,5,1783,
260,CEIN,15,1784,
260,UMCA,17,1785,
260,RUPA,10,1786,
261,ACMA,10,1787,
261,NODE,35,1788,
261,ARME,1,1789,
261,RUPA,10,1790,
261,TODI,5,1791,
261,CONU,15,1792,
261,COCO,5,1793,
261,PSME,2,1794,
262,PILA,5,1795,
262,QUCH,15,1796,
262,NODE,25,1797,
262,CONU,5,1798,
262,PSME,30,1799,
262,ARME,7,1800,
262,TODI,5,1801,
262,HODI,0,1802,
262,CEIN,2,1803,
263,CONU,5,1804,
263,COCO,5,1805,
263,PSME,35,1806,
263,NODE,30,1807,
263,ARME,7,1808,
263,QUCH,2,1809,
263,RUPA,5,1810,
263,ACMA,5,1811,
263,SASC,0.5,1812,
263,TABR,2,1813,
264,NODE,70,1814,
264,CONU,35,1815,
264,COCO,7,1816,
264,PSME,60,1817,
264,ACMA,7,1818,
264,TODI,5,1819,
264,ARME,0,1820,
264,QUCH,5,1821,
264,QUKE,0,1822,
265,TODI,10,1823,
265,QUCH,30,1824,
265,CEIN,35,1825,
265,QUKE,10,1826,
265,NODE,3,1827,
265,PSME,5,1828,
265,ARME,5,1829,
265,PIPO,0.5,1830,
265,PILA,5,1831,
265,CONU,0,1832,
265,VICA,3,1833,
265,ALRH,0,1834,
265,RIRO,0.5,1835,
266,QUKE,30,1836,
266,PSME,40,1837,
266,ARME,3,1838,
266,PIPO,35,1839,
266,NODE,1,1840,
266,CEIN,40,1841,
266,TODI,10,1842,
266,QUCH,5,1843,
266,PILA,5,1844,
266,QUGA,0,1845,
267,RUPA,7,1846,
267,NODE,7,1847,
267,CEIN,50,1848,
267,ARME,7,1849,
267,PILA,0,1850,
267,QUCH,2,1851,
267,PSME,15,1852,
267,TODI,25,1853,
267,RIRO,20,1854,
267,QUKE,2,1855,
267,CONU,0,1856,
267,VICA,5,1857,
267,ACMA,3,1858,
267,FRLA,3,1859,
267,SASC,1,1860,
267,CADE,1,1861,
267,COCO,5,1862,
268,CONU,10,1863,
268,COCO,10,1864,
268,TODI,15,1865,
268,PSME,45,1866,
268,NODE,40,1867,
268,ACMA,5,1868,
268,PIPO,15,1869,
268,QUKE,5,1870,
268,PILA,15,1871,
268,ARME,0,1872,
268,QUCH,1,1873,
268,PHLE,0,1874,
257,PSTH,0.5,1878,
226,MAGR,10,1879,
226,MECA,2,1880,
226,FECA,0.5,1881,
226,EPXX,0.5,1882,
226,GAAP,0.5,1883,
226,COHE,0.5,1884,
226,NEPA,0.5,1885,
226,AGGR,0.5,1886,
226,COPA,0.5,1887,
226,SYMO,0.5,1888,
226,BRTE,1,1889,
226,OSBE,0.5,1890,
226,CAPR,0.5,1891,
226,ACMI,1,1892,
226,ERLA,0.5,1893,
226,VISA,0.5,1894,
226,TRDU,0.5,1895,
226,CRRI,0.5,1896,check
226,PORE,0.5,1897,
226,HOCR,0.5,1898,
226,MOMA,0.5,1899,
226,CYSTOPTERIS,0.5,1900,CHECK
226,TRCA,0.5,1901,
226,PAMY,0.5,1902,
226,VILO,0.5,1903,
226,VIAM,0.5,1904,
226,ANRA,0.5,1905,
226,IRXX,0.5,1906,
226,LIHE,0.5,1907,
226,LUAN,0.5,1908,CHECK
226,ASPR,0.5,1909,
226,FRVE,0.5,1910,
226,PHHA,0.5,1911,
226,OZTR,0.5,1912,
228,LYLA,1,1913,
228,VISA,3,1914,
228,VIAM,1,1915,
228,GATR,0.5,1916,
228,GAAP,0.5,1917,
228,CHME,0.5,1918,
228,FRVE,2,1919,
228,ASPR,0.5,1920,
228,CHUM,0.5,1921,
228,ROGY,0.5,1922,
228,PORE,0.5,1923,
228,FEOC,0.5,1924,
228,PEXX,0.5,1925,
228,ELGL,0.5,1926,
228,RULE,0.5,1927,
228,OSBE,0.5,1928,
228,ACMI,0.5,1929,
228,ACAM,1,1930,
228,CRRI,0.5,1931,CHECK
228,ADBI,0.5,1932,
228,SYMO,0.5,1933,
228,ERLA,0.5,1934,
228,COHE,0.5,1935,
228,BRTE,0.5,1936,
228,EPXX,0.5,1937,
228,HIAL,0.5,1938,
225,CHUM,1,1939,
225,LYLA,0.5,1940,
225,PTAQ,1,1941,
225,IRXX,0.5,1942,
225,RUPA,1,1943,
225,SYMO,0.5,1944,
225,ADBO,0.5,1945,
225,VILO,0.5,1946,
225,HIAL,0.5,1947,
225,GOOB,0.5,1948,
225,CHME,0.5,1949,
203,HIAL,1,1950,
203,ANMAD,1,1951,
203,TOAR,0.5,1952,
203,CYEC,5,1953,
203,AICA,0.5,1954,
203,CAMU,0.5,1955,
203,OSBE,0.5,1956,
203,SACR,0.5,1957,
203,TRCA,1,1958,
203,LUPX,10,1959,
203,APAN,0.5,1960,
203,COHE,0.5,1961,
203,PTAQ,0.5,1962,
203,LOHI,1,1963,
203,BRCA,0.5,1964,
203,FEOC,0.5,1965,
207,MECA,5,1966,
207,SOPA,3,1967,
207,BRTE,15,1968,
207,CYEC,5,1969,
207,TOAR,2,1970,
207,CAOC,1,1971,
207,PHHA,0.5,1972,
207,CIVU,0.5,1973,
207,MAGR,0.5,1974,
207,CHAN,0.5,1975,
207,ELGL,0.5,1976,
207,CLPE,0.5,1977,
207,CRRI,0.5,1978,
207,NEPA,0.5,1979,
207,GATR,0.5,1980,
207,BRDI,0.5,1981,
207,AGGR,0.5,1982,
207,LYLA,0.5,1983,
207,BOPR,0.5,1984,
207,OSBE,0.5,1985,
207,CLRH,0.5,1986,
207,APAN,0.5,1987,
207,ARVI,0.5,1988,
207,IRXX,0.5,1989,
207,KOST,0.5,1990,
207,FEOC,0.5,1991,
207,GABO,0.5,1992,
209,PTAQ,5,1993,
209,CAOC,15,1994,
209,LYLA,10,1995,
209,FUZZY,5,1996,
209,OSBE,0.5,1997,
209,CYEC,0.5,1998,
209,GICA,0.5,1999,
209,PHHA,0.5,2000,
209,GATR,0.5,2001,
209,MECA,30,2002,
209,ASPR,1,2003,
209,SYMO,0.5,2004,
209,RUPA,0.5,2005,
209,VILO,0.5,2006,
209,PORE,0.5,2007,
209,FRVE,2,2008,
209,ACMI,0.5,2009,
209,CLPE,0.5,2010,
209,MAGR,0.5,2011,
209,AGGR,0.5,2012,
209,CRRI,0.5,2013,
209,COGR,0.5,2014,
209,CAMU,0.5,2015,
209,IRTE,0.5,2016,
209,BRTE,1,2018,
201,BREL,1,2019,
201,ERLA,0.5,2020,
201,ELMU,0.5,2021,
201,SABI,2,2022,
201,FEMI,1,2023,
201,DAPU,1,2024,
201,PSTH,0.5,2025,
201,CAXX,0.5,2026,
201,SOPA,0.5,2027,
201,TRCA,0.5,2028,CHECK
201,ACAM,0.5,2029,
201,BRDI,0.5,2030,
201,ACMI,0.5,2031,
201,MAGR,0.5,2032,
201,CHPO,0.5,2033,
201,GAPA,0.5,2034,
201,POCO,0.5,2035,
201,HIAL,0.5,2036,
201,GABO,0.5,2037,
201,BRCA,1,2038,
201,LOHI,0.5,2039,
201,SACR,0.5,2040,
201,ACMO,0.5,2041,
201,TOAR,0.5,2042,
201,ERXX,0.5,2043,
201,RAXX,0.5,2044,
201,TRTO,0.5,2045,check
201,YAMI,0.5,2046,
201,IRTE,0.5,2047,
201,AC,0.5,2048,ACMISPON; CHECK
201,AICA,0.5,2049,
201,TOAR,0.5,2050,
201,DIKE,0.5,2051,
201,CRRI,0.5,2052,CHECK?
201,MOOD,0.5,2053,OR MOVI?
201,ERCA,0.5,2054,
201,ANMAD,0.5,2055,
201,FEOC,0.5,2056,
201,POIM,0.5,2057,
202,BRCA,2,2058,
202,RUBI,5,2059,
202,APAN,2,2060,
202,FUZZY,10,2061,
202,CICY,0.5,2062,
202,CYEC,1,2063,
202,CAXX,0.5,2064,
202,TOAR,0.5,2065,
202,FEOC,0.5,2066,
202,LOHI,5,2067,
202,POCO,0.5,2068,
202,OSBE,0.5,2069,
202,SOXX,1,2070,
202,RULE,0.5,2071,
202,HYPE,0.5,2072,
202,MAGR,0.5,2073,
202,SACR,0.5,2074,
202,CYGR,0.5,2075,
202,ARVI,0.5,2076,
202,CLRH,0.5,2077,
202,ELGL,0.5,2078,
202,DAGL,0.5,2079,
202,DIMU,0.5,2080,
202,GAPA,0.5,2081,
202,CEAR,0.5,2083,
202,BRHO,0.5,2084,
202,ACMI,1,2085,
202,FECA,0.5,2086,
202,YAMI,0.5,2087,
202,SILX,0.5,2088,CHECK
202,AGHE,0.5,2089,
202,COHE,0.5,2090,
202,HIAL,0.5,2091,
202,GABO,0.5,2092,
202,MECA,0.5,2093,
202,PTAQ,0.5,2094,
202,PLEL,0.5,2095,DIDN'T COLLECT
202,IRTE,0.5,2096,
202,DOXX,0.5,2097,
202,PSTH,0.5,2098,"RECORDED AS GNAPHALIUM, CHECK"
202,COPA,0.5,2099,
208,ACMI,0.5,2100,
208,CAOC,1,2101,
208,CLRH,0.5,2102,
208,MECA,3,2103,
208,CHAN,0.5,2104,
208,ELGL,0.5,2105,
208,KECO,1,2106,
208,RULE,5,2107,
208,BRTE,5,2108,
208,TOAR,0.5,2109,
208,BRST,15,2110,
208,SOPA,0.5,2111,
208,PHHA,0.5,2112,
208,RIRO,0.5,2113,
208,CIVU,0.5,2114,
208,GICA,0.5,2115,
208,STLE,5,2116,
208,TRDU,0.5,2117,
208,CYEC,0.5,2118,
208,FUZZY,1,2119,
208,CAMU,0.5,2120,
208,BOPR,0.5,2121,
208,ASPR,0.5,2122,
206,COGR,0.5,2123,
206,HOCR,1,2124,
206,PTAQ,0.5,2125,
206,CAOC,0.5,2126,
206,MAGR,8,2127,
206,ERNU,0.5,2128,
206,ACMI,0.5,2129,
206,MECA,10,2130,
206,COHE,0.5,2131,
206,CRRI,0.5,2132,SP UNCERTAIN
206,GABO,0.5,2133,
206,ASHA,0.5,2134,
206,ERCAP,0.5,2135,
206,TOAR,0.5,2136,
206,GAPA,0.5,2137,
206,POCO,0.5,2138,
206,CAMU,0.5,2139,
206,HIAL,0.5,2140,
206,LYLA,0.5,2141,
206,LOHI,0.5,2142,
206,SIVU,0.5,2143,OR SICA?
206,POIM,0.5,2144,
206,STLE,0.5,2145,?
206,SOPA,0.5,2147,
206,BRTE,1,2148,
206,AGGR,0.5,2149,
206,APAN,0.5,2150,
206,IRTE,0.5,2151,
205,CYEC,20,2152,
205,MECA,5,2153,
205,HOCR,1,2154,
205,ACAM,0.5,2155,
205,CAOC,0.5,2156,
205,HIAL,0.5,2157,
205,CAMU,0.5,2158,
205,PTAQ,0.5,2159,
205,GABO,1,2160,
205,AGGR,0.5,2161,
205,LOHI,0.5,2162,
205,TOAR,0.5,2163,
205,ACMI,0.5,2164,
205,MAEL,0.5,2165,
205,CRRI,0.5,2166,"SP UNCERTAIN, SAME AS 206"
205,CLRH,0.5,2167,
205,GATR,0.5,2168,
205,SYMO,0.5,2169,
205,STRI,0.5,2170,STACHYS (SP?)
205,COHE,0.5,2171,
205,ASPR,1,2172,
205,PIEL,0.5,2173,
214,ARDI,5,2174,
214,CAMU,0.5,2175,
214,COHE,0.5,2176,
214,HIAL,0.5,2177,
214,GABO,0.5,2178,
214,ANMAD,0.5,2179,
214,ASPR,1,2180,
214,IRTE,0.5,2181,
214,KECO,0.5,2182,
214,LYLA,2,2183,
214,TOAR,0.5,2184,
214,FEMI,2,2185,
214,GAAP,0.5,2186,
214,ROGY,0.5,2187,
214,SYMO,0.5,2188,
214,LIMEGREEN,0.5,2189,"GRASS RECORDED AS ""FALSE BROME"""
214,PRHO,0.5,2190,
214,BRCA,0.5,2191,
214,OSBE,0.5,2192,
214,RUPA,1,2193,
214,MADI,0.5,2194,
214,SOPA,0.5,2195,
214,MECA,0.5,2196,
214,FEOC,0.5,2197,
213,HOCR,2,2198,
213,MECA,20,2199,
213,MYXX,0.5,2200,
213,LYLA,5,2201,
213,HIAL,0.5,2202,
213,PRHO,0.5,2203,
213,ACTR,20,2204,
213,FEMI,0.5,2205,
213,CARYOPH,5,2206,#NAME?
213,POIM,0.5,2207,
213,RUPA,1,2208,
213,ASPR,1,2209,
213,SYMO,1,2210,
213,EPXX,0.5,2211,PERHAPS EPILOBIUM MINUTUM
213,BRTE,0.5,2212,
213,GABO,0.5,2213,
213,AGGR,0.5,2214,
213,NEPA,0.5,2215,
213,GAAP,0.5,2216,
213,MAGR,0.5,2217,
213,FECA,0.5,2218,
213,CAOC,0.5,2219,
213,VAHE,0.5,2220,
213,MOMA,0.5,2221,
218,FEOC,0.5,2222,
218,LOHI,5,2223,
218,ANMAD,0.5,2224,
218,HIAL,0.5,2225,
218,MECA,0.5,2226,
218,LICA,0.5,2227,
218,ADBI,0.5,2228,
218,GABO,0.5,2229,
218,IRTE,0.5,2230,
218,POIM,0.5,2231,
218,PYAP,0.5,2232,
218,LYLA,1,2233,
218,POCO,0.5,2234,
218,CHME,0.5,2235,
218,OSBE,0.5,2236,
216,ANMAD,1,2237,
216,OSBE,0.5,2238,
216,LYLA,5,2239,
216,POIM,0.5,2240,
216,SYMO,20,2241,
216,MECA,0.5,2242,
216,HIAL,0.5,2243,
216,GATR,0.5,2244,CHECK SP
216,FEOC,0.5,2245,
216,POCO,0.5,2246,
216,PRHO,0.5,2247,
216,MADI,0.5,2248,
216,LIMEGREEN,0.5,2249,
217,LOHI,5,2250,
217,POIM,0.5,2251,
217,VAHE,1,2252,
217,OSBE,0.5,2253,
217,ANMAD,0.5,2254,
217,FEOC,0.5,2255,
217,IRTE,0.5,2256,
217,GABO,0.5,2257,
217,POCO,0.5,2258,
217,APAN,0.5,2259,
217,ARDI,0.5,2260,
217,MOMA,0.5,2261,
217,MECA,0.5,2262,
217,LYLA,0.5,2263,
222,FECA,0.5,2264,
222,NEPA,0.5,2265,
222,CLPE,0.5,2266,
222,HIAL,0.5,2267,
222,GAAP,0.5,2268,
222,ARDI,0.5,2269,
222,VIAM,0.5,2270,
222,PRHO,0.5,2271,
222,FUZZY,0.5,2272,
222,LYLA,0.5,2273,
223,FECA,20,2274,
223,HIAL,0.5,2275,
223,LULE,15,2276,
223,CHAN,0.5,2277,
223,ARDI,0.5,2278,
223,HOCR,0.5,2279,
223,ASPR,0.5,2280,
223,LYLA,1,2281,
223,PTAQ,3,2282,
223,FEOC,0.5,2283,
223,VIAM,0.5,2284,
223,LIMEGREEN,0.5,2285,BRSU? BROMUS SUKSFORFI?
223,SYMO,0.5,2286,
223,IRSI,0.5,2287,
223,VISA,0.5,2288,
223,ADBI,0.5,2289,
223,COHE,0.5,2290,
223,EPXX,0.5,2291,
223,FUZZY,0.5,2292,
239,PRHO,0.5,2293,
239,RIRO,0.5,2294,
239,LYLA,5,2295,
239,FECA,0.5,2296,
239,FEID,0.5,2297,
239,RUUR,2,2298,
239,COHE,5,2299,
239,TOAR,0.5,2300,
239,EPXX,0.5,2301,
239,OSBE,0.5,2302,
239,HIAL,0.5,2303,
239,ADBI,0.5,2304,
239,ANMAD,0.5,2305,
239,TODI,0.5,2306,
239,ROGY,0.5,2307,
239,PYAP,0.5,2308,
239,MANE,0.5,2309,
239,IRXX,0.5,2310,
241,APAN,0.5,2311,
241,FEOC,2,2312,
241,MAAG,2,2313,
241,PRHO,0.5,2314,
241,LYLA,1,2315,
241,FECA,0.5,2316,
241,SYMO,0.5,2317,
241,HIAL,1,2318,
241,IRXX,0.5,2319,
241,ASPR,0.5,2320,
241,MADI,0.5,2321,
241,MANE,0.5,2322,
241,MOMA,0.5,2323,
241,COHE,0.5,2324,
241,RUUR,0.5,2325,
241,PTAQ,0.5,2326,
241,POIM,0.5,2327,
241,TRCA,0.5,2328,
241,CHUM,0.5,2329,
241,AMAL,0.5,2330,
242,AGGR,0.5,2331,
242,BRTE,5,2332,
242,CYEC,5,2333,
242,BRCA,0.5,2334,
242,RUPA,0.5,2335,
242,CAM,0.5,2336,
242,COHE,0.5,2337,
242,IRXX,0.5,2338,
242,ANMAD,0.5,2339,
242,APAN,0.5,2340,
242,LYLA,0.5,2341,
242,TOAR,0.5,2342,
242,MAGR,0.5,2343,
242,PRHO,0.5,2344,
242,LOHI,5,2345,
242,FECA,0.5,2346,
242,CAOC,0.5,2347,
242,VISA,0.5,2348,
242,TRDU,0.5,2349,
242,HAAL,0.5,2350,
242,DIMU,0.5,2351,
242,CHAN,0.5,2352,
242,BREL,5,2353,
242,ACAM,0.5,2354,
242,HYPE,0.5,2355,
242,RULE,0.5,2356,
242,PTAQ,0.5,2357,
242,STLE,0.5,2358,
242,ARCA,0.5,2359,
242,HIRA,0.5,2360,
242,HODI,0.5,2362,
242,COCO,0.5,2363,
242,MOMA,0.5,2364,
242,SABI,0.5,2365,
224,GAAP,0.5,2366,
224,COHE,0.5,2367,
224,BRTE,5,2368,
224,LYLA,1,2369,
224,CLPE,0.5,2370,
224,ERLA,0.5,2371,
224,HIAL,0.5,2372,
224,NEPA,0.5,2373,
224,ELGL,0.5,2374,
224,RILO,0.5,2375,
224,ACMI,0.5,2376,
224,EPXX,0.5,2377,
224,APAN,0.5,2378,
224,TRDU,0.5,2379,
224,PTAQ,10,2380,
224,SYMO,1,2381,
224,IRXX,0.5,2382,
224,TRCR,0.5,2383,
224,MOMA,0.5,2384,
224,VISA,0.5,2385,
224,FRVE,0.5,2386,
224,ASPR,0.5,2387,
224,RUPA,4,2388,
224,RISA,0.5,2389,
224,ADBI,2,2390,
224,FUZZY,5,2391,
224,MECA,20,2392,
224,CHAN,0.5,2393,
224,PEHU,0.5,2394,
224,CAPR,0.5,2395,
224,FEOC,0.5,2396,
224,PHHA,0.5,2397,
229,SYMO,2,2398,
229,TRLA,1,2399,
229,ASPR,0.5,2400,
229,PORE,0.5,2401,
229,COHE,0.5,2402,
229,IRXX,0.5,2403,
229,AMAL,0.5,2404,
229,FECA,0.5,2405,
229,CAREX,0.5,2406,
229,NEPA,0.5,2407,
229,RIRO,0.5,2408,
229,ERNU,0.5,2409,
229,BRTE,0.5,2410,
229,ELGL,0.5,2411,
229,GABO,0.5,2412,
229,ANMAD,0.5,2413,
229,CHUM,1,2414,
229,RUPA,2,2415,
229,APAN,0.5,2416,
229,PAMY,0.5,2417,
238,SIDX,0.5,2418,
238,VIAM,0.5,2419,
238,APAN,5,2420,
238,CYEC,1,2422,
238,SACR,0.5,2423,
238,HIAL,0.5,2424,
238,GABO,0.5,2425,
238,ANMAD,0.5,2426,
238,LOHI,0.5,2427,
238,BRCA,3,2428,
238,OSBE,0.5,2429,
238,TOAR,0.5,2430,
238,CHPO,0.5,2431,
238,AGGR,0.5,2432,
238,IRXX,0.5,2433,
238,CAMU,0.5,2434,
238,ELGL,0.5,2435,
238,FECA,5,2436,
238,FUZZY,0.5,2437,
237,STLE,10,2438,
237,FEID,0.5,2439,
237,SABI,3,2440,
237,BREL,0.5,2441,
237,MAGR,5,2442,
237,CYEC,5,2443,
237,AICA,0.5,2444,
237,DICA,0.5,2446,
237,FEMI,0.5,2447,
237,TOAR,0.5,2448,
237,BRCA,3,2449,
237,MOOD,1,2450,
237,FECA,10,2451,
237,LOHI,1,2452,
237,SIDX,0.5,2453,
237,AGGR,0.5,2454,
237,BRTE,0.5,2455,
237,HIAL,0.5,2456,
237,VISA,0.5,2457,
237,CAOC,0.5,2458,
237,IRTE,0.5,2459,
237,GABO,0.5,2460,
237,LUZX,0.5,2461,
237,PIEL,0.5,2462,
237,RUBI,0.5,2463,
237,ELGL,0.5,2464,
237,CHPO,0.5,2465,
237,PEHU,0.5,2466,"PENSTEMON, CHECK SPECIES"
237,DODECATHEON,0.5,2467,
240,LYLA,3,2468,
240,FECA,2,2469,
240,APAN,2,2470,
240,PTAQ,10,2471,
240,COHE,3,2472,
240,RUUR,10,2473,
240,EPXX,0.5,2474,
240,MECA,0.5,2475,
240,HIAL,0.5,2476,
240,ASPR,0.5,2477,
240,SYMO,5,2478,
240,CAMU,0.5,2479,
240,BRCA,0.5,2480,
240,COSP,0.5,2481,
240,FEMI,0.5,2482,
240,MAGR,1,2483,
240,MOMA,0.5,2484,
240,CLRH,0.5,2485,
240,TODI,0.5,2486,
240,ERLA,0.5,2487,
240,GABO,0.5,2488,
240,FRXX,0.5,2489,
240,ARDI,0.5,2490,
240,PRHO,0.5,2491,
240,LOHI,1,2492,
240,POIM,0.5,2493,
240,ACMO,0.5,2494,
233,PTAQ,2,2495,
233,CHUM,3,2496,
233,LIWA,0.5,2497,
233,LUAN,0.5,2498,CHECK 226 SPEC
233,PAMY,0.5,2499,
233,LYLA,0.5,2500,
233,ROGY,0.5,2501,
233,APAN,0.5,2502,
233,VIAM,0.5,2503,
233,MOMA,0.5,2504,
233,CAPR,0.5,2505,
233,POIM,0.5,2506,
233,IRXX,0.5,2507,
233,VISA,0.5,2508,
227,ARDI,1,2509,
227,CAPR,1,2510,
227,PAMY,0.5,2511,
227,VISA,1,2512,
227,PEHU,0.5,2513,SPECIES?
227,ASPR,0.5,2514,
227,HIAL,0.5,2515,
227,GAOD,0.5,2516,SPECIES?
227,AMAL,0.5,2517,
227,QUCH,0.5,2518,
227,ROGY,5,2519,
227,PTAQ,10,2520,
227,TRCA,0.5,2521,
227,VIAM,0.5,2522,
227,IRXX,0.5,2523,
227,ANRA,5,2524,
227,CHUM,0.5,2525,
227,ADBI,0.5,2526,
227,FRVE,0.5,2527,
227,LYLA,0.5,2528,
227,OZTR,0.5,2529,
227,MOMA,0.5,2530,
227,SYMO,0.5,2531,
227,ACMI,0.5,2532,
227,LUZX,0.5,2533,
227,CHME,0.5,2534,
227,MADI,0.5,2535,
236,IRXX,0.5,2536,
236,APAN,0.5,2537,
236,ELGL,0.5,2538,
236,FECA,0.5,2539,
236,ACMI,0.5,2540,
236,ADBI,0.5,2541,
236,ASPR,0.5,2542,
236,HIAL,0.5,2543,
236,RIRO,0.5,2544,SPECIES?
236,CHUM,0.5,2545,
234,GOOB,0.5,2546,
234,FECA,5,2547,
234,IRXX,0.5,2548,
234,ADBI,0.5,2549,
234,ROGY,0.5,2551,
234,SYMO,0.5,2552,
234,POIM,0.5,2553,
234,APAN,0.5,2554,
234,COHE,0.5,2555,
234,PRHO,0.5,2556,
234,HIAL,0.5,2557,
234,LIMEGREEN,0.5,2558,
234,LYLA,0.5,2559,
234,PTAQ,0.5,2560,
235,APAN,1,2561,
235,TOAR,2,2562,
235,COHE,0.5,2563,
235,LIMEGREEN,5,2564,
235,OSBE,0.5,2565,
235,ADBI,1,2566,
235,NEPA,0.5,2567,
235,IRXX,0.5,2568,
235,HIAL,0.5,2569,
235,ELGL,1,2570,
235,BRCA,0.5,2571,
235,FEOC,2,2572,
235,CYEC,0.5,2573,
235,POIM,0.5,2574,
235,TRCA,3,2575,
235,VILO,0.5,2576,
235,ANMAD,0.5,2577,
235,PTAQ,0.5,2578,
235,CYGR,0.5,2579,
235,MAGR,0.5,2580,
235,CYSTOPTERIS,0.5,2581,CHECK
235,GAAP,0.5,2582,
235,RUBI,1,2583,
235,FECA,0.5,2584,
235,VISA,0.5,2585,
235,TRDU,0.5,2586,
235,CAMU,0.5,2587,
235,RUPA,0.5,2588,
235,AGHI,0.5,2589,
235,GABO,0.5,2590,
248,HIAL,0.5,2591,
248,BRTE,0.5,2592,
248,MAGR,0.5,2593,
248,ASPR,5,2594,
248,CAMU,0.5,2595,
248,APAN,5,2596,
248,MOMA,0.5,2597,
248,AGGR,0.5,2598,
248,PSTH,0.5,2599,
248,LYLA,5,2600,
248,FECA,0.5,2601,
248,TRCA,2,2602,
248,TRCR,0.5,2603,
248,IRXX,0.5,2604,
248,EPXX,0.5,2605,
248,GABO,0.5,2606,
248,ROGY,0.5,2607,
248,CADE,0.5,2608,
248,LULE,0.5,2609,
248,CLRH,0.5,2610,
248,FEMI,0.5,2611,
248,POA,0.5,2612,
248,POIM,0.5,2613,
248,VISA,0.5,2614,
248,FEID,0.5,2615,
248,OSBE,0.5,2616,
248,FEOC,0.5,2617,
249,ADBI,2,2618,
249,HIAL,0.5,2619,
249,OSBE,0.5,2620,
249,GAAP,0.5,2621,
249,LYLA,1,2622,
249,LIMEGREEN,0.5,2623,
249,PRHO,0.5,2624,
249,APAN,0.5,2625,
249,TODI,0.5,2626,
249,NEPA,0.5,2627,
249,CHME,0.5,2628,
249,FECA,0.5,2629,
249,FEOC,0.5,2630,
249,GATR,0.5,2631,
249,CADE,0.5,2632,
249,VILO,0.5,2633,
249,GOOB,0.5,2634,
247,RUPA,10,2635,
247,LYLA,3,2636,
247,VISA,0.5,2637,
247,OSBE,0.5,2638,
247,ASPR,2,2639,
247,DAGL,0.5,2640,
247,ELGL,1,2641,
247,ADBI,0.5,2642,
247,BRCA,0.5,2643,
247,TRCA,15,2644,
247,HIAL,0.5,2645,
247,GATR,0.5,2646,
247,NEPA,0.5,2647,
247,AGHI,0.5,2648,
247,LIHE,0.5,2649,
247,SYMO,0.5,2650,
247,FEOC,0.5,2651,
247,RULE,0.5,2652,
247,GAAP,0.5,2653,
247,CYSTOPTERIS,0.5,2654,
247,OZTR,0.5,2655,
247,ROGY,0.5,2656,
247,RILO,0.5,2657,SP?
247,MAAQ,1,2658,
247,ARME,0.5,2659,
247,PRHO,0.5,2660,
247,FECA,0.5,2661,
247,COGR,0.5,2662,
247,APAN,0.5,2663,
247,MAGR,0.5,2664,
244,FEID,5,2665,
244,IRTE,0.5,2666,
244,MECA,5,2667,
244,HIAL,0.5,2668,
244,ERLA,0.5,2669,
244,ASPR,0.5,2670,
244,FEOC,1,2671,
244,CAMU,0.5,2672,
244,GABO,0.5,2673,
244,POIM,0.5,2674,
244,VISA,0.5,2675,
244,MAGR,0.5,2676,
244,VILO,0.5,2677,
244,FEMI,5,2678,
244,COGR,0.5,2679,
244,AICA,1,2680,
244,LUXX,0.5,2681,
244,LYLA,0.5,2682,
244,FECA,10,2683,
244,ROGY,0.5,2684,
244,OSBE,0.5,2685,
244,ELGL,0.5,2686,
244,PTAQ,0.5,2687,
244,BRTE,0.5,2688,
244,POA,0.5,2689,
244,AGGR,0.5,2690,
243,ELGL,0.5,2691,
243,LYLA,0.5,2692,
243,ASPR,1,2693,
243,VISA,0.5,2694,
243,ROGY,0.5,2695,
243,VIAM,0.5,2696,
243,CAMU,0.5,2697,
243,SYMO,0.5,2698,
243,HIAL,0.5,2699,
243,TRCA,1,2700,
243,MECA,10,2701,
243,GABO,0.5,2702,
243,FEMI,5,2703,
243,FECA,0.5,2704,
243,RUPA,1,2705,
243,ARDI,0.5,2706,
243,POIM,0.5,2707,
243,PTAQ,1,2708,
243,FEOC,0.5,2709,
243,MAGR,0.5,2710,
243,HEUCHERA,0.5,2711,SP?
243,IRXX,0.5,2712,
243,NEPA,0.5,2713,
243,CLPE,0.5,2714,
243,OSBE,0.5,2715,
243,LIHE,0.5,2716,
243,PRHO,0.5,2717,
243,VILO,0.5,2718,
243,BRCA,0.5,2719,
253,RUPA,10,2720,
253,MECA,0.5,2721,
253,FUZZY,0.5,2722,
253,PTAQ,10,2723,
253,LYLA,5,2724,
253,RIRO,0.5,2725,
253,RISA,0.5,2726,
253,PHHA,2,2727,
253,PORE,0.5,2728,
253,SYMO,5,2729,
253,COHE,0.5,2730,
253,TRCA,5,2731,
253,POIM,0.5,2732,
253,PAMY,0.5,2733,
253,NEPA,0.5,2734,
253,GAAP,0.5,2735,
253,HIAL,0.5,2736,
253,GATR,0.5,2737,
253,ERLA,0.5,2738,
253,MADI,0.5,2739,
253,FEOC,0.5,2740,
253,VISA,1,2741,
253,VIAM,1,2742,
253,ELGL,0.5,2743,
253,ASPR,0.5,2744,
253,CRRI,0.5,2745,SP UNCERTAIN
253,BRTE,1,2746,
253,APAN,0.5,2747,
253,PSTH,0.5,2748,
253,AGGR,0.5,2749,
253,MAGR,0.5,2750,
253,EPXX,0.5,2751,
253,CAPR,0.5,2752,
253,PEHU,0.5,2753,SP UNCERTAIN
253,CHUM,0.5,2754,
253,IRXX,0.5,2755,
253,ROGY,0.5,2756,
253,PHLE,0.5,2757,
245,CYSTOPTERIS,0.5,2758,
245,POIM,1,2759,
245,HIAL,0.5,2760,
245,FEOC,0.5,2761,
245,APAN,0.5,2762,
245,POA,0.5,2763,
245,MECA,1,2764,
245,NEPA,0.5,2765,
245,CRRI,0.5,2766,SP UNCERTAINN
245,IRXX,0.5,2767,
245,ASPR,0.5,2768,
245,CAMU,0.5,2769,
246,FECA,15,2770,
246,APAN,1,2771,
246,ARDI,0.5,2772,
246,CLRH,0.5,2773,
246,ASPR,0.5,2774,
246,VISA,0.5,2775,
246,HEUCHERA,0.5,2776,
246,LULE,1,2777,
246,MAGR,1,2778,
246,LUXX,0.5,2779,
246,FUZZY,0.5,2780,
246,ROGY,0.5,2781,
246,WYMO,0.5,2782,
246,HIAL,0.5,2783,
246,FEOC,0.5,2784,
246,TRCR,0.5,2785,"ALSO ANOTHER THEMIDACEAE, ALL DEAD, PURPLE WITH PEDICELS"
246,AGGR,0.5,2786,
246,FEMI,0.5,2787,
246,MECA,1,2788,
246,POA,0.5,2789,
246,OSBE,0.5,2790,
246,EPXX,0.5,2791,
246,CRRI,0.5,2792,SP UNCERTAIN
246,IRXX,0.5,2793,
246,ALAC,0.5,2794,
246,GABO,0.5,2795,
246,MOMA,0.5,2796,
246,LYLA,0.5,2797,
257,PRHO,0.5,2798,
257,LICA,0.5,2799,
257,DIIM,0.5,2800,
257,LYLA,10,2801,
257,VIAM,1,2802,
257,DAISY,2,2803,
257,VILO,0.5,2804,
257,SYMO,1,2805,
257,VISA,1,2806,
257,MECA,0.5,2807,
257,ACTR,0.5,2808,
257,PHHA,0.5,2809,
257,POIM,1,2810,
257,TRILLIUM,0.5,2811,"TRIFOLIOLATE LIKE TRILLIUM, SEED POD STALKED, CURVED DOWN"
257,RIRO,0.5,2812,
257,AMAL,0.5,2813,
257,FEOC,0.5,2814,
257,APAN,0.5,2815,
257,ANMAD,0.5,2816,
257,LOHI,0.5,2817,
257,MOMA,0.5,2818,
257,ADBI,0.5,2819,
257,MADI,0.5,2820,
257,MAAQ,0.5,2821,
257,MAGR,0.5,2822,
257,TOAR,0.5,2823,
257,RUUR,0.5,2824,
257,EPXX,0.5,2825,
257,ROGY,1,2826,
257,TRDE,0.5,2827,"OR TRPE? not sure what this was meant to be, delete?"
257,GATR,0.5,2828,"SP UNCERTAIN, SEE SPEC"
258,MAGR,8,2829,
258,ASPR,0.5,2830,
258,ARDI,1,2831,
258,VISA,5,2832,
258,RUUR,5,2833,
258,FECA,1,2834,
258,PHHA,20,2835,
258,VIAM,15,2836,
258,MOMA,0.5,2837,
258,AICA,50,2838,
258,MECA,30,2839,
258,EPXX,0.5,2840,
258,CAOC,0.5,2841,
258,LYLA,2,2842,
258,LIGULIFLOROUS,0.5,2843,
258,DIIM,0.5,2844,
258,CYEC,0.5,2845,
258,ROGY,0.5,2846,
258,RUPA,10,2847,
258,APAN,0.5,2848,
258,RULE,0.5,2849,
258,CLPE,0.5,2850,
258,RIRO,0.5,2851,
258,COHE,0.5,2852,
258,TOAR,0.5,2853,
258,FEMI,0.5,2854,
258,SOPA,0.5,2855,
258,GAXX,0.5,2856,SEE SPEC
259,ARDI,10,2857,
259,LYLA,2,2858,
259,POIM,5,2859,
259,FEOC,1,2860,
259,LOHI,1,2861,
259,CHAN,0.5,2862,
259,EPXX,0.5,2863,
259,ACTR,0.5,2864,
259,CLPE,0.5,2865,
259,WHMO,1,2866,
259,RIRO,0.5,2867,
259,COHE,0.5,2868,
259,DIHO,0.5,2869,
259,ACMO,0.5,2870,
259,CASC,0.5,2871,
259,MADI,0.5,2872,
259,NEPA,0.5,2873,
259,IRTE,0.5,2874,
259,VILO,0.5,2875,SSP LOBATA
259,CEIN,1,2876,
260,ERLA,0.5,2877,
260,RUUR,15,2878,
260,EPXX,0.5,2879,
260,FEOC,2,2880,
260,COHE,0.5,2881,
260,CASC,1,2882,
260,LYLA,0.5,2883,
260,ARDI,0.5,2884,
260,PTAQ,2,2885,
260,AGHI,0.5,2886,
260,POIM,0.5,2887,
260,FEMI,0.5,2888,
260,SYMO,0.5,2889,
260,VILO,1,2890,SSP LOBATA
260,XETE,0.5,2891,
260,WHMO,1,2892,
260,VAPA,0.5,2893,
260,MANE,0.5,2894,
260,AMAL,1,2895,
260,IRTE,0.5,2896,
260,ROGY,0.5,2897,
260,CHAN,0.5,2898,
260,PSTH,0.5,2899,
260,DIHO,0.5,2900,
260,SASC,0.5,2901,
256,ERLA,0.5,2902,
256,SIDX,0.5,2903,SIDALCA
256,ROGY,0.5,2904,
256,GABO,0.5,2905,
256,FEMI,0.5,2906,
256,MAGR,0.5,2907,
256,OSBE,0.5,2908,
256,MECA,0.5,2909,
256,HYPE,0.5,2910,
251,CASC,0.5,2911,
251,ADBI,1,2912,
251,MECA,20,2913,
251,HIAL,0.5,2914,
251,LOHI,0.5,2915,
251,TOAR,5,2916,
251,CYEC,5,2917,
251,LASE,0.5,2918,"ID UNCERTAIN, MAYBE ANOTHER LACTUCA"
251,OSBE,1,2919,
251,TRCA,1,2920,
251,PTAQ,1,2921,
251,FUZZY,1,2922,
251,FEOC,0.5,2923,
251,BRCA,1,2924,
251,AGGR,0.5,2925,
251,HYPE,0.5,2926,
251,ANMAD,0.5,2927,
251,IRXX,0.5,2928,
251,COHE,0.5,2929,
251,SYMO,2,2930,
251,VISA,5,2931,
251,POIM,0.5,2932,
251,RIRO,0.5,2933,
251,SIDX,0.5,2934,SIDALCEA
251,ASHA,0.5,2935,
251,CAOC,0.5,2936,
251,CAMU,0.5,2937,
251,ELGL,0.5,2938,
251,MAGR,0.5,2939,
251,RULE,5,2940,
250,SYMO,30,2941,
250,FECA,25,2942,
250,ROGY,1,2943,
250,FEOC,0.5,2944,
250,CYEC,1,2945,
250,LOHI,1,2946,
250,HIRA,0.5,2947,LOOKED LIKE I WROTE HYRA??
250,VILO,0.5,2948,
250,SIDX,1,2949,SIDALCEA
250,APAN,0.5,2950,
250,TOAR,1,2951,
250,IRXX,0.5,2952,
250,MAGR,0.5,2953,
250,MECA,1,2954,
250,COHE,0.5,2955,
250,OSBE,0.5,2956,
250,ELGL,0.5,2957,
250,PTAQ,0.5,2958,
250,AGGR,0.5,2959,
250,RULE,5,2960,
250,CAMU,0.5,2961,
250,ANMAD,0.5,2962,
250,SADO,0.5,2963,???
250,ACNE,0.5,2964,
250,CAOC,0.5,2965,
250,ASHA,0.5,2966,
250,ARVI,0.5,2967,
250,ARDI,0.5,2968,
250,LYLA,5,2969,
250,ADBI,0.5,2970,
250,CHME,0.5,2971,
252,COHE,0.5,2972,
252,HIAL,0.5,2973,
252,PTAQ,0.5,2974,
252,CIVU,0.5,2975,
252,SYMO,0.5,2976,
252,RULE,10,2977,
252,RUUR,10,2978,
252,PSTH,0.5,2979,
252,ROGY,0.5,2980,
252,VISA,0.5,2981,
252,APAN,0.5,2983,
252,LOHI,0.5,2984,
252,GATR,0.5,2985,
252,FEOC,3,2986,
252,CASC,0.5,2987,
252,LIMEGREEN,0.5,2988,
252,VIAM,2,2989,
252,DAISY,0.5,2990,
252,TOAR,0.5,2991,
252,MAGR,0.5,2992,
252,CYEC,2,2993,
252,ELGL,1,2994,
252,BRCA,1,2995,
252,OSBE,0.5,2996,
252,ERLA,0.5,2997,
252,PYAP,0.5,2998,
252,VETH,0.5,2999,
252,RUBI,1,3000,
252,HYPE,0.5,3001,
252,TRCA,0.5,3002,
252,POIM,0.5,3003,
252,NEPE,0.5,3004,
252,ANMAD,0.5,3005,
252,MECA,0.5,3006,
252,CAMU,0.5,3007,
252,ADBI,0.5,3008,
255,HYPE,0.5,3009,
255,PTAQ,10,3010,
255,GABO,0.5,3011,
255,RULE,0.5,3012,
255,ERLA,0.5,3013,
255,PSTH,0.5,3014,
255,HIAL,0.5,3015,
255,RIRO,0.5,3016,
255,TOAR,0.5,3017,
255,SYMO,0.5,3018,
255,APAN,0.5,3019,
255,MAEX,0.5,3020,OR MAGR?
255,EPXX,0.5,3021,
255,COHE,0.5,3022,
255,SABI,0.5,3023,
255,CAOC,0.5,3024,
255,IRXX,0.5,3025,
255,LYLA,0.5,3026,
255,SIDX,0.5,3027,SIDALCEA
255,AICA,0.5,3028,
255,FEMI,0.5,3029,
254,LYLA,5,3030,
254,MECA,20,3031,
254,RUUR,20,3032,
254,APAN,0.5,3033,
254,MANE,0.5,3034,
254,CASC,0.5,3035,
254,HYPE,0.5,3036,
254,CAAP,0.5,3037,
254,ROGY,0.5,3038,
254,FEMI,10,3039,
254,FEOC,0.5,3040,
254,ERNU,0.5,3041,
254,POIM,0.5,3042,
254,ISTI,0.5,3043,
254,CLPE,0.5,3044,
254,COSP,0.5,3045,
254,DIHO,0.5,3046,
254,VAHE,0.5,3047,
254,IRTE,0.5,3048,
254,OSBE,0.5,3049,
254,WHMO,2,3050,
254,BRVU,0.5,3051,
254,ARDI,0.5,3052,
254,CIOC,0.5,3053,
254,MAGR,0.5,3054,
254,BRTE,0.5,3055,
254,ALAC,0.5,3056,
254,HIAL,0.5,3057,
254,MOMA,0.5,3058,
254,ACMI,0.5,3059,
254,GABO,0.5,3060,
254,SASC,1,3061,
261,COHE,0.5,3062,
261,GATR,0.5,3063,
261,NEPA,0.5,3064,
261,LYLA,10,3065,
261,DIHO,0.5,3066,
261,CASC,0.5,3067,
261,FEOC,1,3068,
261,ARDI,0.5,3069,
261,MADI,0.5,3070,
261,VISA,10,3071,
261,RUUR,5,3072,
261,VIAM,40,3073,
261,POIM,0.5,3074,
261,ACTR,0.5,3075,
261,MECA,0.5,3076,
261,EPXX,0.5,3077,
261,IRXX,0.5,3078,
261,DIIM,0.5,3079,
261,ROGY,0.5,3080,
261,CLPE,0.5,3081,
261,MANE,10,3082,
261,AICA,5,3083,
261,APAN,0.5,3084,
261,MAGR,0.5,3085,
261,BRTE,0.5,3086,
261,PSTH,0.5,3087,
261,LUXX,0.5,3088,LUPINUS
261,LOHI,0.5,3089,
261,CHAN,0.5,3090,
261,CEIN,15,3091,
262,COHE,5,3092,
262,GABO,0.5,3093,
262,PTAQ,1,3094,
262,HIAL,0.5,3095,
262,MECA,0.5,3096,
262,EPXX,0.5,3097,
262,ARDI,1,3098,
262,LYLA,1,3099,
262,APAN,0.5,3100,
262,LIGULIFLOROUS,0.5,3101,
262,CHAN,0.5,3102,
262,CLPE,0.5,3103,
262,FEOC,0.5,3104,
262,FEMI,0.5,3105,
262,LOHI,0.5,3106,
262,CHME,0.5,3107,
262,MAGR,0.5,3108,
258,HODI,0.5,3109,
263,WHMO,10,3110,
263,PTAQ,3,3111,
263,POIM,1,3112,
263,AGGR,0.5,3113,
263,CASC,0.5,3114,
263,FEOC,5,3115,
263,HIAL,0.5,3116,
263,LOHI,0.5,3117,
263,LUXX,0.5,3118,
263,GATR,0.5,3119,
263,COHE,0.5,3120,
263,ARDI,0.5,3121,
263,PHXX,2,3122,PHACELIA
263,MAGR,0.5,3123,
263,MECA,0.5,3124,
263,RUUR,0.5,3125,
263,HEUCHERA,0.5,3126,?
263,PSTH,0.5,3127,
263,EPXX,0.5,3128,
263,CLPE,2,3129,
263,AICA,1,3130,
263,CAMU,0.5,3131,
263,LIGULIFLOROUS,0.5,3132,
263,MANE,0.5,3133,
263,SYMO,0.5,3134,
263,ROGY,0.5,3135,
263,VILO,0.5,3136,BOTH SSP LOBATA AND INTEGRIFOLIA
263,DIHO,0.5,3137,
263,IRXX,0.5,3138,
263,LYLA,3,3139,
263,MADI,0.5,3140,
263,LIBO,0.5,3141,
263,RISA,2,3142,
263,VAPA,0.5,3143,
268,FUZZY,0.5,3144,
268,SADO,0.5,3145,
268,GATR,0.5,3146,
268,VILO,0.5,3147,SSP LOBATA
268,LOHI,1,3148,
268,OSBE,0.5,3149,
268,POIM,20,3150,
268,RUUR,1,3151,
268,FEOC,0.5,3152,
268,CAMU,0.5,3153,
268,IRXX,0.5,3154,
268,ANMAD,0.5,3155,
268,ADBI,0.5,3156,
268,LYLA,1,3157,
268,WHMO,5,3158,
266,LOHI,0.5,3159,
266,IRXX,0.5,3160,
266,CYEC,0.5,3161,
266,VISA,0.5,3162,
266,LUXX,0.5,3163,
266,SIDX,0.5,3164,SIDALCEA
266,VITE,0.5,3165,
266,ANMAD,0.5,3166,
266,VILO,0.5,3167,SSP LOBATA
266,PSTH,0.5,3168,
266,TOAR,0.5,3169,
266,MAGR,0.5,3170,
266,ELGL,0.5,3171,
266,FEMI,0.5,3172,
266,POIM,0.5,3173,
266,BRCA,0.5,3174,
266,ACXX,0.5,3175,ACMISPON LIKE NEVADENSE
266,OSBE,0.5,3176,
266,HYPE,0.5,3177,
266,SACR,0.5,3178,
266,AGEX,5,3179,
266,FEOC,0.5,3180,
266,FUZZY,0.5,3181,
266,FEID,0.5,3182,
266,AICA,5,3183,
266,GABO,0.5,3184,
266,CAMU,0.5,3185,
266,AGHI,0.5,3186,
266,DOXX,0.5,3187,
264,PTAQ,2,3188,
264,LOHI,5,3189,
264,IRXX,0.5,3190,
264,ADBI,1,3191,
264,ANMAD,0.5,3192,
264,VILO,0.5,3193,SSP LOBATA
264,FEOC,0.5,3194,
264,ASHA,0.5,3195,
264,GOOB,0.5,3196,
264,DIHO,0.5,3197,
264,ACTR,0.5,3198,
264,ROGY,0.5,3199,
264,GATR,0.5,3200,
264,FUZZY,0.5,3201,SEE NOTES
264,TRCA,0.5,3202,
265,TOAR,4,3203,
265,HIAL,0.5,3204,
265,LOHI,1,3205,
265,COHE,2,3206,
265,SIDX,0.5,3207,SIDALCEA
265,ANMAD,0.5,3208,
265,PSTH,0.5,3209,
265,POIM,0.5,3210,
265,KECO,0.5,3211,
265,MECA,10,3212,
265,IRXX,0.5,3213,
265,CAMU,0.5,3214,
265,PTAQ,0.5,3215,
265,CYEC,5,3216,
265,FEMI,5,3217,
265,AGHE,0.5,3218,
265,MAGR,20,3219,
265,ELGL,8,3220,
265,MAAQ,10,3221,
265,AGHI,0.5,3222,
265,ACAM,0.5,3223,
265,VIAM,0.5,3224,
265,SONCHUS,0.5,3225,
265,ACXX,0.5,3226,"ANNUAL ACMISPON, SEE NOTES ACBR?"
265,AICA,5,3227,
265,EPXX,0.5,3228,
265,GABO,0.5,3229,
265,LIGULIFLOROUS,0.5,3230,
265,BRTE,0.5,3231,
265,SYMO,0.5,3232,
265,VISA,0.5,3233,
265,FECA,0.5,3234,
265,CAREX,0.5,3235,
265,SYAL,1,3236,
265,CASC,0.5,3237,
265,ASHA,0.5,3238,